,id,name
0,4xhsWYTOGcal8zt0J161CU,Lovin On Me
1,45KMdPDdZTxcXW3lw10R70,Bug Like an Angel
2,06m6Q2ZUHNsHGEHK9m8hLf,Buffalo Replaced
3,5T00EN4oZmDQx3hqVAC4Fx,Heaven
4,1l0BBsLElenQWul8Fn8tT1,I Don't Like My Mind
5,0CNJcM33kvWE8v26wBy9wB,The Deal
6,0QzJS1fQv5l0s1mqKTECRX,When Memories Snow
7,3vkCueOmm7xQDoJ17W1Pm3,My Love Mine All Mine
8,41nIJErYY9goKvnCyG7ov6,The Frost
9,5ijSUALHfNot7KSafyLI4E,Star
10,6YO2dalWyZSobXSY3UUPv9,I'm Your Man
11,55Y5p2XyPaYBPGtzj1f9fE,I Love Me After You
12,44IXD2J5yyr7PpOZzz2cmQ,Fear and Friday's (Poem)
13,5pIVEk6Di7n1v5khOzJaJL,Overtime
14,7eOuUmpnHBlg5zsm8Cs7c3,Summertime's Close
15,00syWkRGIVQvYsg2OwfBUw,East Side of Sorrow
16,4pCbJC43j3gSqG6Fen6upD,Hey Driver (feat. The War and Treaty)
17,0GMiRrUnQuoGddKMsxGPIZ,Fear and Friday's
18,1HwDRgozGBMyfJTQUfz09A,Ticking
19,3itgPtXSu4I9mr2QD6yrzP,Holy Roller (feat. Sierra Ferrell)
20,2pUYbyOIOSfDfsnCR3KceZ,Jake's Piano - Long Island
21,7C1BLYzAvR0KdBpov3GpUZ,El Dorado
22,4KULAymBBJcPRpk1yO4dOG,I Remember Everything (feat. Kacey Musgraves)
23,3EvZ03hGAFwGZ2Ebcu86YH,Tourniquet
24,0HEytGQM3bG1vKxER7IgVK,Spotless (feat. The Lumineers)
25,6Otmq7JokHh38wKSqUimcS,Tradesman
26,67aaFVnfvFWjxVQMd0jDb5,Smaller Acts
27,4ueTr01dkL360w1knfh21C,Oklahoman Son
28,3rUGC1vUpkDG9CZFHMur1t,greedy
29,3eP13S8D5m2cweMEg3ZDed,Virginia Beach
30,0Mrnt1YqVuW2bqmwu4VxDt,Amen (feat. Teezo Touchdown)
31,2nibvvDdAQkVraYP00z2RS,Calling For You (feat. 21 Savage)
32,53KaP77tkliz36LPxWGlWK,Fear Of Heights
33,4ZT0wGKwlJRjpMUuwZVy3p,Daylight
34,7aqfrAY2p9BUSiupwk3svU,First Person Shooter (feat. J. Cole)
35,2YSzYUF3jWqb9YP9VXmpjE,IDGAF (feat. Yeat)
36,1GpWY5RiInhezB8wGWs6oN,7969 Santa
37,0AYt6NMyyLd0rLuvr0UkMH,Slime You Out (feat. SZA)
38,3JZjcKImHcmOI9ylL4zrSc,Bahamas Promises
39,3IHt4j5uAEl7iBu8Utn985,Tried Our Best
40,0ArVfVP8B5svkfj8clHNzB,Screw The World - Interlude
41,03rwnftfgpYVO6QDWOZcG6,Drew A Picasso
42,24FUBxaAYSBlWsbSnEzDcn,Members Only (feat. PARTYNEXTDOOR)
43,1DAibqbopEYULPEtE8WHTE,What Would Pluto Do
44,1PIgY9ybyFT9uWLM5POYGY,All The Parties (feat. Chief Keef)
45,0w3Mfe4PIVjuFjJbe3OlYv,8am in Charlotte
46,1mjAD7IYvI5UGiB7WnppMf,BBL Love - Interlude
47,6ZprqcYFC6D9eIZaCoqrSn,Gently (feat. Bad Bunny)
48,1yeB8MUNeLo9Ek1UEpsyz6,Rich Baby Daddy (feat. Sexyy Red & SZA)
49,17IBDpAl3J39swaoPlfGpp,Another Late Night (feat. Lil Yachty)
50,4IcbUXrAzBtn6iUO1LP471,Away From Home
51,3oZZfVvLJuDYc4Vn3A63Fw,Polar Opposites
52,1h0rVgfuKa6V9DkVSLAc4Q,back at it
53,3OGCNLxpBmTYRxPZg2yDE5,back to the moon
54,7MLGkncjEGTfKHpNa5UgCQ,idk nomore
55,5XpwulllkqoHEk0jpwvRlJ,paybach
56,48rsYvIQXUAtxcmIoStOaM,ca$h $hit
57,4rXLjWdF2ZZpXCVTfWcshS,fukumean
58,2rjv9fXzpZDbB6lEeIoB3l,rodeo dr
59,6WKh2qSTswuv8QG60Wu29F,bottom
60,2k2Z7yadTBdOM8oObjzslj,p angels
61,3NNgZSXHElKHPpkCxsP8WB,born rich
62,6YD8EpsddOfEwAhaymGu0Q,go crazy
63,7IqsNN0EMckx9YqddgXlwg,bread & butter
64,7Aq3pnhSzI8FnHt7T6TPsX,turned your back
65,5QG0l8nybp5rLMo7saQHl2,i was just thinking
66,4zivXJkUD87842VhywHGFn,alright
67,1hR8BSuEqPCCZfv93zzzz9,Welcome To New York (Taylor's Version)
68,45wMBGri1PORPjM9PwFfrS,Blank Space (Taylor's Version)
69,1hjRhYpWyqDpPahmSlUTlc,Style (Taylor's Version)
70,045ZeOHPIzhxxsm8bq5kyE,Out Of The Woods (Taylor's Version)
71,6GXgd1BPD9bUpqw5AntGV5,All You Had To Do Was Stay (Taylor's Version)
72,3pv7Q5v2dpdefwdWIvE7yH,Shake It Off (Taylor's Version)
73,43y1WpBdnEy5TR9aZoSQL9,I Wish You Would (Taylor's Version)
74,64FzgoLZ3oXu2SriZblHic,Bad Blood (Taylor's Version)
75,1K39ty6o1sHwwlZwO6a7wK,Wildest Dreams (Taylor's Version)
76,75W3SngKzTuoQ94uLf3y82,How You Get The Girl (Taylor's Version)
77,5QVVjX0ZItqlVpEuVCM9Yg,This Love (Taylor’s Version)
78,2f0GI2ZLUtbGqFx8t2Gk6A,I Know Places (Taylor's Version)
79,2ByBBvpR9b7IynvRmnG7kG,Clean (Taylor's Version)
80,2ve0kuaWUCt4Zx8x4bf1MR,Wonderland (Taylor's Version)
81,4UwqOWDpdeIDVQDuKT6iza,You Are In Love (Taylor's Version)
82,2vPMoMDXxu9uX1igWZmXSG,New Romantics (Taylor's Version)
83,71BqAINEnezjQfxE4VuJfq,"""Slut!"" (Taylor's Version) (From The Vault)"
84,4NioO5R9sHEZh4cGzMHyNt,Say Don't Go (Taylor's Version) (From The Vault)
85,5KD6AEm19QnMbfWpfoOHMl,Now That We Don't Talk (Taylor's Version) (From The Vault)
86,6T0sEnqjmHISIKwFETeeiP,Suburban Legends (Taylor's Version) (From The Vault)
87,1Iq8oo9XkmmvCQiGOfORiz,Is It Over Now? (Taylor's Version) (From The Vault)
88,3eP13S8D5m2cweMEg3ZDed,Virginia Beach
89,0Mrnt1YqVuW2bqmwu4VxDt,Amen (feat. Teezo Touchdown)
90,2nibvvDdAQkVraYP00z2RS,Calling For You (feat. 21 Savage)
91,53KaP77tkliz36LPxWGlWK,Fear Of Heights
92,4ZT0wGKwlJRjpMUuwZVy3p,Daylight
93,7aqfrAY2p9BUSiupwk3svU,First Person Shooter (feat. J. Cole)
94,2YSzYUF3jWqb9YP9VXmpjE,IDGAF (feat. Yeat)
95,1GpWY5RiInhezB8wGWs6oN,7969 Santa
96,0AYt6NMyyLd0rLuvr0UkMH,Slime You Out (feat. SZA)
97,3JZjcKImHcmOI9ylL4zrSc,Bahamas Promises
98,3IHt4j5uAEl7iBu8Utn985,Tried Our Best
99,0ArVfVP8B5svkfj8clHNzB,Screw The World - Interlude
100,03rwnftfgpYVO6QDWOZcG6,Drew A Picasso
101,24FUBxaAYSBlWsbSnEzDcn,Members Only (feat. PARTYNEXTDOOR)
102,1DAibqbopEYULPEtE8WHTE,What Would Pluto Do
103,1PIgY9ybyFT9uWLM5POYGY,All The Parties (feat. Chief Keef)
104,0w3Mfe4PIVjuFjJbe3OlYv,8am in Charlotte
105,1mjAD7IYvI5UGiB7WnppMf,BBL Love - Interlude
106,6ZprqcYFC6D9eIZaCoqrSn,Gently (feat. Bad Bunny)
107,1yeB8MUNeLo9Ek1UEpsyz6,Rich Baby Daddy (feat. Sexyy Red & SZA)
108,17IBDpAl3J39swaoPlfGpp,Another Late Night (feat. Lil Yachty)
109,4IcbUXrAzBtn6iUO1LP471,Away From Home
110,3oZZfVvLJuDYc4Vn3A63Fw,Polar Opposites
111,7DlZH8EiVDgQXNoj3dnyZC,Paint The Town Red
112,6vb4kCEIM7zrwuHlxFbfeB,Demons
113,5MqauQV2PhcEFfhKtBOTua,Wet Vagina
114,6DOphQTeNmy1gk3um8sPYC,Fuck The Girls (FTG)
115,18EGw1StZNDftpUcX8PM74,Ouchies
116,3zLwDjumhvIFFwAAZaDNPL,97
117,15sNe8FD178zMsVz6ug0AS,Gun
118,032UZ3KVrzII6AE9Abnj7z,Go Off
119,4rjQxlKAIXbEqHzjrnYZ7x,Shutcho
120,7dJYggqjKo71KI9sLzqCs8,Agora Hills
121,5ZyQqAgrPr0cVm0VfM69Np,Can't Wait
122,18dR6VljfkTb47HJOQ9chv,Often
123,4NW3t9GA7CyBisyoROefUs,Love Life
124,3qefkziLSTq2l5H1bRoea8,Skull And Bones
125,56uOalQCSny79UjPrefkHy,Attention
126,3yeVb5di44wD6CZ2sJromR,Balut
127,1qimDZEBflJE25RXkF24Yg,WYM Freestyle
128,0hL9gOw6XBWsygEUcVjxEc,HYAENA
129,1PH2MDbcBAU094DlgTIND1,THANK GOD
130,3KCNiDi9Pza6ZD8FggNoaw,MODERN JAM (feat. Teezo Touchdown)
131,4kjI1gwQZRKNDkw1nI475M,MY EYES
132,04WxWo7XeVyx22xEsrWRUb,GOD'S COUNTRY
133,7LSpFCvRZZot2AlmkUzy9k,SIRENS
134,67nepsnrcZkowTxMWigSbb,MELTDOWN (feat. Drake)
135,42VsgItocQwOQC3XWZ8JNA,FE!N (feat. Playboi Carti)
136,0OEe83mMZ5kaNw5uZQ7ilG,DELRESTO (ECHOES) (feat. Beyoncé)
137,6wsqVwoiVH2kde4k4KKAFU,I KNOW ?
138,0lodMO0qK83vfPiiD7FMEt,TOPIA TWINS (feat. Rob49 & 21 Savage)
139,4GL9GMX9t7Qkprvf1YighZ,CIRCUS MAXIMUS (feat. The Weeknd & Swae Lee)
140,2Q0aElTZQtEUsoiaQfizu6,PARASAIL (feat. Yung Lean & Dave Chappelle)
141,0bkV1iQHSxBaksUqgEkcbc,SKITZO (feat. Young Thug)
142,7EiUtdeoWcKqLi5ELZCjYf,LOST FOREVER (feat. Westside Gunn)
143,0a4SMs889NwP8oWI7Vemle,LOOOVE (feat. Kid Cudi)
144,4o82J5zr4DFEs9yj5szCVX,K-POP (feat. Bad Bunny & The Weeknd)
145,1i9lZvlaDdWDPyXEE95aiq,TELEKINESIS (feat. SZA & Future)
146,76gcXhY3Zv6wW0BTe9nHJo,TIL FURTHER NOTICE (feat. James Blake & 21 Savage)
147,23d8v6tU6lR77pFKsApMtF,NADIE SABE
148,4MjDJD8cW7iVeWInc2Bdyj,MONACO
149,3nNmRE0DxHC6ZaKkrpUumS,FINA
150,4qSEvFGCpde73gqIuq3sho,HIBIKI
151,1ODFVLQszq0hCOdZtqV5wq,MR. OCTOBER
152,4Jc7252S1P99DjQ1lNGEOc,CYBERTRUCK
153,0rDQZJtSGgsB2rdkObpdFa,VOU 787
154,1YnChEM51BVZ5dRhbVFEMl,SEDA
155,1U3A66OHQyTu4N2QTMsP86,GRACIAS POR NADA
156,01ppKlDRCmPpusO3yNrSRY,TELEFONO NUEVO
157,3NhstUmrlhaN1M6hP8zMbb,BABY NUEVA
158,3TYOH7ta0101NYssoH5GlU,MERCEDES CAROTA
159,7ucEkWU0SVy0XFdfXESgfY,LOS PITS
160,3mRF0YNsDdFKFnxwg16hSz,VUELVE CANDY B
161,5qzLdvRViHUrRNdkpakG7C,BATICANO
162,39L3LdlHS3gqB62HPWaJRg,NO ME QUIERO CASAR
163,2sTDlCxmuZCTDKKk9f1qus,WHERE SHE GOES
164,4pcafPzLDSqQktqSpxHL3E,THUNDER Y LIGHTNING
165,7iQXYTyuG13aoeHxGG28Nh,PERRO NEGRO
166,6vh4S1z08AjGipGAEsV62e,EUROPA :(
167,1C7lXfx4Y5maVl4AgUVlHA,ACHO PR
168,5ixdmTpCmH5diBA1j154wN,UN PREVIEW
169,34sOdxWu9FljH84UXdRwu1,all-american bitch
170,3IX0yuEVvDbnqUwMBB3ouC,bad idea right?
171,1kuGVB7EU95pJObxwvfwKS,vampire
172,6QT6j7rKt7Vk3IuV2AUO9W,lacy
173,5sp71CUt0jXRNqHblPGp7b,ballad of a homeschooled girl
174,5CscrLqFBgPfZR8fGtikov,making the bed
175,53dtP2iUMvaF28JZcHnFuU,logical
176,2gyxAWHebV7xPYVxqoi86f,get him back!
177,26QLJMK8G0M06sk7h7Fkse,love is embarrassing
178,3Nl5OkkmS5DaBZvuYofpAt,the grudge
179,6W9l02gRsXVxzIuQC1oc1X,pretty isn’t pretty
180,7fesNTgTEMEH0ye8MOgEDY,teenage dream
181,3CWq0pAKKTWb0K4yiglDc4,You’re Losing Me (From The Vault)
182,2IGMVunIBsBLtEQyoI1Mu7,Paint The Town Red
183,5mjYQaktjmjcMKcUIcqz4s,Strangers
184,54FL6e96e4hOh5JT47kC4A,Bienvenida
185,0rEFT5a7hFbO6xl9essItt,FDVP
186,6MYMoJJFzRb1R7hRR2iYL1,GDL
187,69kFrD7Mi8MJq9tAvJaYqO,Sobras y Mujeres
188,3WDC9FGrNT9TbFJp9gBIbm,3 TROKAS
189,4zfQER4owi8q6NL8Gg63Ya,CRAZYZ
190,6yl1R2PR8aWZr8etPEqJL8,CHAMBA
191,0yS8oUlppSbADwFVGYjbMQ,CJNG
192,6qtOaQrYTqyAZdNMCmGQwr,F's
193,6UtWwuheJr5LLDeVypPNx7,EXCESOS
194,7gOAl2AH3ggAsu90GLbcpH,POLVOS DE CHANEL
195,2qrZpvfxSgXu7JXxYCj3Ka,PRADAX
196,7zpWphO4K5Z7zdN22spkCI,ZONA DE COMFORT
197,1Rt5PxKde8JdrCk4ZTnu0g,Dafuk
198,6CvTEtGagmzQvkUzzyKR9k,HARLEY QUINN
199,4VpTPw4gPDdhSITd3okIaZ,FREAKY FREAKY
200,5YZgFW1hURKX02zTayrpGI,BARBIEZ
201,0PcqxbDALEHfw0kAHWlpll,CUCU
202,3BssiKHkHy0zXZCj1T8TcJ,INMORTAL
203,13NKTZfS74IIOKdJoLND88,PLVO BLNCO
204,3YIQgQd87ky85C6iLvEvaN,CHICHIS
205,76f1K9hyG4j9Mny8mfgmtw,DON MERFOZ
206,1npx6ZSuv0KOIa8Pv7qCsu,Puro MQueen
207,1XBg3rmlUnUgXqZX7DacOq,BIEN CHAKA
208,4wlmbB1rquZGIvgtQndhXm,Me Jalé Pal Antro
209,5b4r2u2cTLeVNvbi2jCley,TU KISS
210,3kx21xR6IboC9HVdajgBoc,SABOR FRESA
211,2O223PoYCkIPSsE4cmnr9v,TQM
212,2nzfgpGvMINYAzrv7YpHfv,Desgraciada
213,0lbDzTINTToToBpkrnQT2t,UNA CERVEZA
214,1BAU6v0fuAV914qMUEESR1,Born With A Beer In My Hand
215,7K3BhSpAxZBznislvUMVtn,Last Night
216,03fs6oV5JAlbytRYf3371S,Everything I Love
217,73zawW1ttszLRgT9By826D,Man Made A Bar (feat. Eric Church)
218,2PsbT927UanvyH9VprlNOu,Devil Don’t Know
219,1rXq0uoV4KTgRN64jXzIxo,One Thing At A Time
220,3oZ6dlSfCE9gZ55MGPJctc,’98 Braves
221,2YVlDlk2zRceefo6XlC6DX,Ain’t That Some
222,7phmBo7bB9I9YifAXqnlqV,I Wrote The Book
223,5NzfnUyVaNrxa2VtoyBWlR,Tennessee Numbers
224,2Ej3iV0nulryy9S3UQvjSx,Hope That’s True
225,2ewSCWOL7EAjgmgqfI1UlS,Whiskey Friends
226,0JtgoDDf0ggWaoXCGhcOoT,Sunrise
227,1vcJdUJDM2NVXBsGncmLyh,Keith Whitley
228,2aw1aEAxMe05MZIS5XiK8U,In The Bible (feat. HARDY)
229,5W4kiM2cUYBJXKRudNyxjW,You Proof
230,3Qu3Zh4WTKhP9GEXo0aDnb,Thought You Should Know
231,77kye8TttXpEbvgoiVjZdo,F150-50
232,1GiwvmI57OTGcKGNigZFJb,Neon Star (Country Boy Lullaby)
233,7u2iWRkkz8GBYFe4apxVBl,I Deserve A Drink
234,0oPRfdP48RM4bd3xBFyiRo,Wine Into Water
235,68eDGmSTQgxJde9JTG7b71,Me + All Your Reasons
236,7ya4zrCKDslIfrztqglRIP,Tennessee Fan
237,09UUDUFaudMcUkocm2iqR8,Money On Me
238,0PAcdVzhPO4gq1Iym9ESnK,Thinkin’ Bout Me
239,12BjylmI6NS7ydikIzbuD0,Single Than She Was
240,4FhxN8PTyjkBVfwlCnr9Om,Days That End In Why
241,3NsqLy0x8l9VyNfOHQTNHs,Last Drive Down Main
242,3CqT9ajcy6pY7TonEPiV4H,Me To Me
243,77qpDGhjN7Hdp12JkPpHvY,Don't Think Jesus
244,4Q6LSSmQwn94hioXfvzdbU,180 (Lifestyle)
245,5sUjBX08aJ1XdMw7p2SXgq,Had It
246,7fveJ3pk1eSfxBdVkzdXZ0,Cowgirls (feat. ERNEST)
247,5LisHkYlpdkqNYl1HZ5cKd,Good Girl Gone Missin’
248,3uKJ1sSJXGLCMItH0YNPkh,Outlook
249,4kvjThnfQIsPOKjxx0aZDu,Dying Man
250,5aIVCx5tnk0ntmdiinnYvw,Water
251,6xGr4tVzpTX99p9Cf0hRRL,3D (feat. Jack Harlow)
252,06Qo2fYR2KS1F7bL338iVT,Closer to You (feat. Major Lazer)
253,2HRgqmZQC0MC7GeNuDIXHN,Seven (feat. Latto) (Explicit Ver.)
254,2KslE17cAJNHTsI2MI0jb2,Standing Next to You
255,2gkVEnpahpE3bQuvGuCpAV,Yes or No
256,0k0GtcnyQLMiXrdEDbLXmJ,Please Don't Change (feat. DJ Snake)
257,5ONOlTiqymhzwcFjqcIT6E,Hate You
258,5KfJvZ0PZzRdwFRaTUDAA7,Somebody
259,3bNNvJA7hsGw0wSpGkfOBm,Too Sad to Dance
260,7AbqgE05nFl9qY4FRUiq2p,Shot Glass of Tears
261,7Hcj0duTWiCSYDtJaztNIt,Seven (feat. Latto) (Clean Ver.)
262,1hR8BSuEqPCCZfv93zzzz9,Welcome To New York (Taylor's Version)
263,45wMBGri1PORPjM9PwFfrS,Blank Space (Taylor's Version)
264,1hjRhYpWyqDpPahmSlUTlc,Style (Taylor's Version)
265,045ZeOHPIzhxxsm8bq5kyE,Out Of The Woods (Taylor's Version)
266,6GXgd1BPD9bUpqw5AntGV5,All You Had To Do Was Stay (Taylor's Version)
267,3pv7Q5v2dpdefwdWIvE7yH,Shake It Off (Taylor's Version)
268,43y1WpBdnEy5TR9aZoSQL9,I Wish You Would (Taylor's Version)
269,64FzgoLZ3oXu2SriZblHic,Bad Blood (Taylor's Version)
270,1K39ty6o1sHwwlZwO6a7wK,Wildest Dreams (Taylor's Version)
271,75W3SngKzTuoQ94uLf3y82,How You Get The Girl (Taylor's Version)
272,5QVVjX0ZItqlVpEuVCM9Yg,This Love (Taylor’s Version)
273,2f0GI2ZLUtbGqFx8t2Gk6A,I Know Places (Taylor's Version)
274,2ByBBvpR9b7IynvRmnG7kG,Clean (Taylor's Version)
275,2ve0kuaWUCt4Zx8x4bf1MR,Wonderland (Taylor's Version)
276,4UwqOWDpdeIDVQDuKT6iza,You Are In Love (Taylor's Version)
277,2vPMoMDXxu9uX1igWZmXSG,New Romantics (Taylor's Version)
278,71BqAINEnezjQfxE4VuJfq,"""Slut!"" (Taylor's Version) (From The Vault)"
279,4NioO5R9sHEZh4cGzMHyNt,Say Don't Go (Taylor's Version) (From The Vault)
280,5KD6AEm19QnMbfWpfoOHMl,Now That We Don't Talk (Taylor's Version) (From The Vault)
281,6T0sEnqjmHISIKwFETeeiP,Suburban Legends (Taylor's Version) (From The Vault)
282,1Iq8oo9XkmmvCQiGOfORiz,Is It Over Now? (Taylor's Version) (From The Vault)
283,3eP13S8D5m2cweMEg3ZDed,Virginia Beach
284,0Mrnt1YqVuW2bqmwu4VxDt,Amen (feat. Teezo Touchdown)
285,2nibvvDdAQkVraYP00z2RS,Calling For You (feat. 21 Savage)
286,53KaP77tkliz36LPxWGlWK,Fear Of Heights
287,4ZT0wGKwlJRjpMUuwZVy3p,Daylight
288,7aqfrAY2p9BUSiupwk3svU,First Person Shooter (feat. J. Cole)
289,2YSzYUF3jWqb9YP9VXmpjE,IDGAF (feat. Yeat)
290,1GpWY5RiInhezB8wGWs6oN,7969 Santa
291,0AYt6NMyyLd0rLuvr0UkMH,Slime You Out (feat. SZA)
292,3JZjcKImHcmOI9ylL4zrSc,Bahamas Promises
293,3IHt4j5uAEl7iBu8Utn985,Tried Our Best
294,0ArVfVP8B5svkfj8clHNzB,Screw The World - Interlude
295,03rwnftfgpYVO6QDWOZcG6,Drew A Picasso
296,24FUBxaAYSBlWsbSnEzDcn,Members Only (feat. PARTYNEXTDOOR)
297,1DAibqbopEYULPEtE8WHTE,What Would Pluto Do
298,1PIgY9ybyFT9uWLM5POYGY,All The Parties (feat. Chief Keef)
299,0w3Mfe4PIVjuFjJbe3OlYv,8am in Charlotte
300,1mjAD7IYvI5UGiB7WnppMf,BBL Love - Interlude
301,6ZprqcYFC6D9eIZaCoqrSn,Gently (feat. Bad Bunny)
302,1yeB8MUNeLo9Ek1UEpsyz6,Rich Baby Daddy (feat. Sexyy Red & SZA)
303,17IBDpAl3J39swaoPlfGpp,Another Late Night (feat. Lil Yachty)
304,4IcbUXrAzBtn6iUO1LP471,Away From Home
305,3oZZfVvLJuDYc4Vn3A63Fw,Polar Opposites
306,6wf7Yu7cxBSPrRlWeSeK0Q,"What Was I Made For? [From The Motion Picture ""Barbie""]"
307,1BAU6v0fuAV914qMUEESR1,Born With A Beer In My Hand
308,7K3BhSpAxZBznislvUMVtn,Last Night
309,03fs6oV5JAlbytRYf3371S,Everything I Love
310,73zawW1ttszLRgT9By826D,Man Made A Bar (feat. Eric Church)
311,2PsbT927UanvyH9VprlNOu,Devil Don’t Know
312,1rXq0uoV4KTgRN64jXzIxo,One Thing At A Time
313,3oZ6dlSfCE9gZ55MGPJctc,’98 Braves
314,2YVlDlk2zRceefo6XlC6DX,Ain’t That Some
315,7phmBo7bB9I9YifAXqnlqV,I Wrote The Book
316,5NzfnUyVaNrxa2VtoyBWlR,Tennessee Numbers
317,2Ej3iV0nulryy9S3UQvjSx,Hope That’s True
318,2ewSCWOL7EAjgmgqfI1UlS,Whiskey Friends
319,0JtgoDDf0ggWaoXCGhcOoT,Sunrise
320,1vcJdUJDM2NVXBsGncmLyh,Keith Whitley
321,2aw1aEAxMe05MZIS5XiK8U,In The Bible (feat. HARDY)
322,5W4kiM2cUYBJXKRudNyxjW,You Proof
323,3Qu3Zh4WTKhP9GEXo0aDnb,Thought You Should Know
324,77kye8TttXpEbvgoiVjZdo,F150-50
325,1GiwvmI57OTGcKGNigZFJb,Neon Star (Country Boy Lullaby)
326,7u2iWRkkz8GBYFe4apxVBl,I Deserve A Drink
327,0oPRfdP48RM4bd3xBFyiRo,Wine Into Water
328,68eDGmSTQgxJde9JTG7b71,Me + All Your Reasons
329,7ya4zrCKDslIfrztqglRIP,Tennessee Fan
330,09UUDUFaudMcUkocm2iqR8,Money On Me
331,0PAcdVzhPO4gq1Iym9ESnK,Thinkin’ Bout Me
332,12BjylmI6NS7ydikIzbuD0,Single Than She Was
333,4FhxN8PTyjkBVfwlCnr9Om,Days That End In Why
334,3NsqLy0x8l9VyNfOHQTNHs,Last Drive Down Main
335,3CqT9ajcy6pY7TonEPiV4H,Me To Me
336,77qpDGhjN7Hdp12JkPpHvY,Don't Think Jesus
337,4Q6LSSmQwn94hioXfvzdbU,180 (Lifestyle)
338,5sUjBX08aJ1XdMw7p2SXgq,Had It
339,7fveJ3pk1eSfxBdVkzdXZ0,Cowgirls (feat. ERNEST)
340,5LisHkYlpdkqNYl1HZ5cKd,Good Girl Gone Missin’
341,3uKJ1sSJXGLCMItH0YNPkh,Outlook
342,4kvjThnfQIsPOKjxx0aZDu,Dying Man
343,4yjeRuoVickg1G87LWeRes,ROSA PASTEL
344,3RA55zrRkyPK8Fd86hrMy8,LUNA
345,6jUgruwAzfIA3HUQIO3wCR,77
346,0xGZjxYqcNQ8WqxyeZ4eSN,RUBICON
347,2bXJMQZSJND3UYq5mjV4cB,CARNAL
348,0lc2neV7ZzjZExwCIVG2B3,LAS MORRAS
349,775hCSePn3GW4h9nZ636kq,GAVILÁN II
350,3B0swL7Qil9bB7eKzBREBK,VVS
351,1tGGJ4SRZnd2H0E2dV05iM,SU CASA
352,7mXuWTczZNxG5EDcjFEuJR,LADY GAGA
353,3CEk3KwDixeCKOVPacup7L,ZAPATA
354,0cNSq9T5l8gZnpY14rsTR2,PRC
355,1RzjXhgnzqb3dMa5852itx,LA PEOPLE
356,4Nf5EZ40JenjMUKXOiyRU5,NUEVA VIDA
357,7bPp2NmpmyhLJ7zWazAXMu,TULUM
358,3HOKxuTDmNVmIlCIpBiD8m,LAGUNAS
359,6f8wbdo8KU5ETWJA7lapgS,BYE
360,24Z0qiHUR9cTB4UfGUqCnj,Growin' Up and Gettin' Old
361,5gy5oMthJa807ihJik4U3O,Hannah Ford Road
362,5inIeRExNFzOuqaYU7tpT9,Back 40 Back
363,5OGCd9NL8XcwpkTmSxL5YI,You Found Yours
364,4xXLSKNYTHLN00eZEzbqLr,"The Beer, the Band, and the Barstool"
365,6LuooOeUu4NOjkVOiT5CdS,Still
366,5WxQEQJtrOYzobMBTsdPBb,See Me Now
367,0kPhTGl84wcSzdTareTroP,Joe
368,4AhZSJyGTfYqUnFjn5eGQa,A Song Was Born
369,2bPOr33Dh8usjH01h1wa3N,My Song Will Never Die
370,0eBFgRxyVSeuT4iyrbukdn,Where the Wild Things Are
371,2kYevr8cbIAH2ha8210Bnz,Love You Anyway
372,4tgKstWpyU8mtWVQp7ojbM,Take You With Me
373,1Lo0QY9cvc8sUB2vnIOxDT,Fast Car
374,0V75hy6x3cToema5BdJaj9,Tattoo on a Sunburn
375,52ChYmfu792MW2Ezv0whpk,5 Leaf Clover
376,3GZSVedXaTqScGsewGuAyi,Fox in the Henhouse
377,3v8e2n4bFrAeKRKgy3nha1,The Part
378,44IXD2J5yyr7PpOZzz2cmQ,Fear and Friday's (Poem)
379,5pIVEk6Di7n1v5khOzJaJL,Overtime
380,7eOuUmpnHBlg5zsm8Cs7c3,Summertime's Close
381,00syWkRGIVQvYsg2OwfBUw,East Side of Sorrow
382,4pCbJC43j3gSqG6Fen6upD,Hey Driver (feat. The War and Treaty)
383,0GMiRrUnQuoGddKMsxGPIZ,Fear and Friday's
384,1HwDRgozGBMyfJTQUfz09A,Ticking
385,3itgPtXSu4I9mr2QD6yrzP,Holy Roller (feat. Sierra Ferrell)
386,2pUYbyOIOSfDfsnCR3KceZ,Jake's Piano - Long Island
387,7C1BLYzAvR0KdBpov3GpUZ,El Dorado
388,4KULAymBBJcPRpk1yO4dOG,I Remember Everything (feat. Kacey Musgraves)
389,3EvZ03hGAFwGZ2Ebcu86YH,Tourniquet
390,0HEytGQM3bG1vKxER7IgVK,Spotless (feat. The Lumineers)
391,6Otmq7JokHh38wKSqUimcS,Tradesman
392,67aaFVnfvFWjxVQMd0jDb5,Smaller Acts
393,4ueTr01dkL360w1knfh21C,Oklahoman Son
394,23d8v6tU6lR77pFKsApMtF,NADIE SABE
395,4MjDJD8cW7iVeWInc2Bdyj,MONACO
396,3nNmRE0DxHC6ZaKkrpUumS,FINA
397,4qSEvFGCpde73gqIuq3sho,HIBIKI
398,1ODFVLQszq0hCOdZtqV5wq,MR. OCTOBER
399,4Jc7252S1P99DjQ1lNGEOc,CYBERTRUCK
400,0rDQZJtSGgsB2rdkObpdFa,VOU 787
401,1YnChEM51BVZ5dRhbVFEMl,SEDA
402,1U3A66OHQyTu4N2QTMsP86,GRACIAS POR NADA
403,01ppKlDRCmPpusO3yNrSRY,TELEFONO NUEVO
404,3NhstUmrlhaN1M6hP8zMbb,BABY NUEVA
405,3TYOH7ta0101NYssoH5GlU,MERCEDES CAROTA
406,7ucEkWU0SVy0XFdfXESgfY,LOS PITS
407,3mRF0YNsDdFKFnxwg16hSz,VUELVE CANDY B
408,5qzLdvRViHUrRNdkpakG7C,BATICANO
409,39L3LdlHS3gqB62HPWaJRg,NO ME QUIERO CASAR
410,2sTDlCxmuZCTDKKk9f1qus,WHERE SHE GOES
411,4pcafPzLDSqQktqSpxHL3E,THUNDER Y LIGHTNING
412,7iQXYTyuG13aoeHxGG28Nh,PERRO NEGRO
413,6vh4S1z08AjGipGAEsV62e,EUROPA :(
414,1C7lXfx4Y5maVl4AgUVlHA,ACHO PR
415,5ixdmTpCmH5diBA1j154wN,UN PREVIEW
416,1odExI7RdWc4BT515LTAwj,Daylight
417,6uIIdjYTxxpWOyWuVXrKQO,Que Onda
418,34sOdxWu9FljH84UXdRwu1,all-american bitch
419,3IX0yuEVvDbnqUwMBB3ouC,bad idea right?
420,1kuGVB7EU95pJObxwvfwKS,vampire
421,6QT6j7rKt7Vk3IuV2AUO9W,lacy
422,5sp71CUt0jXRNqHblPGp7b,ballad of a homeschooled girl
423,5CscrLqFBgPfZR8fGtikov,making the bed
424,53dtP2iUMvaF28JZcHnFuU,logical
425,2gyxAWHebV7xPYVxqoi86f,get him back!
426,26QLJMK8G0M06sk7h7Fkse,love is embarrassing
427,3Nl5OkkmS5DaBZvuYofpAt,the grudge
428,6W9l02gRsXVxzIuQC1oc1X,pretty isn’t pretty
429,7fesNTgTEMEH0ye8MOgEDY,teenage dream
430,0hL9gOw6XBWsygEUcVjxEc,HYAENA
431,1PH2MDbcBAU094DlgTIND1,THANK GOD
432,3KCNiDi9Pza6ZD8FggNoaw,MODERN JAM (feat. Teezo Touchdown)
433,4kjI1gwQZRKNDkw1nI475M,MY EYES
434,04WxWo7XeVyx22xEsrWRUb,GOD'S COUNTRY
435,7LSpFCvRZZot2AlmkUzy9k,SIRENS
436,67nepsnrcZkowTxMWigSbb,MELTDOWN (feat. Drake)
437,42VsgItocQwOQC3XWZ8JNA,FE!N (feat. Playboi Carti)
438,0OEe83mMZ5kaNw5uZQ7ilG,DELRESTO (ECHOES) (feat. Beyoncé)
439,6wsqVwoiVH2kde4k4KKAFU,I KNOW ?
440,0lodMO0qK83vfPiiD7FMEt,TOPIA TWINS (feat. Rob49 & 21 Savage)
441,4GL9GMX9t7Qkprvf1YighZ,CIRCUS MAXIMUS (feat. The Weeknd & Swae Lee)
442,2Q0aElTZQtEUsoiaQfizu6,PARASAIL (feat. Yung Lean & Dave Chappelle)
443,0bkV1iQHSxBaksUqgEkcbc,SKITZO (feat. Young Thug)
444,7EiUtdeoWcKqLi5ELZCjYf,LOST FOREVER (feat. Westside Gunn)
445,0a4SMs889NwP8oWI7Vemle,LOOOVE (feat. Kid Cudi)
446,4o82J5zr4DFEs9yj5szCVX,K-POP (feat. Bad Bunny & The Weeknd)
447,1i9lZvlaDdWDPyXEE95aiq,TELEKINESIS (feat. SZA & Future)
448,76gcXhY3Zv6wW0BTe9nHJo,TIL FURTHER NOTICE (feat. James Blake & 21 Savage)
449,0hL9gOw6XBWsygEUcVjxEc,HYAENA
450,1PH2MDbcBAU094DlgTIND1,THANK GOD
451,3KCNiDi9Pza6ZD8FggNoaw,MODERN JAM (feat. Teezo Touchdown)
452,4kjI1gwQZRKNDkw1nI475M,MY EYES
453,04WxWo7XeVyx22xEsrWRUb,GOD'S COUNTRY
454,7LSpFCvRZZot2AlmkUzy9k,SIRENS
455,67nepsnrcZkowTxMWigSbb,MELTDOWN (feat. Drake)
456,42VsgItocQwOQC3XWZ8JNA,FE!N (feat. Playboi Carti)
457,0OEe83mMZ5kaNw5uZQ7ilG,DELRESTO (ECHOES) (feat. Beyoncé)
458,6wsqVwoiVH2kde4k4KKAFU,I KNOW ?
459,0lodMO0qK83vfPiiD7FMEt,TOPIA TWINS (feat. Rob49 & 21 Savage)
460,4GL9GMX9t7Qkprvf1YighZ,CIRCUS MAXIMUS (feat. The Weeknd & Swae Lee)
461,2Q0aElTZQtEUsoiaQfizu6,PARASAIL (feat. Yung Lean & Dave Chappelle)
462,0bkV1iQHSxBaksUqgEkcbc,SKITZO (feat. Young Thug)
463,7EiUtdeoWcKqLi5ELZCjYf,LOST FOREVER (feat. Westside Gunn)
464,0a4SMs889NwP8oWI7Vemle,LOOOVE (feat. Kid Cudi)
465,4o82J5zr4DFEs9yj5szCVX,K-POP (feat. Bad Bunny & The Weeknd)
466,1i9lZvlaDdWDPyXEE95aiq,TELEKINESIS (feat. SZA & Future)
467,76gcXhY3Zv6wW0BTe9nHJo,TIL FURTHER NOTICE (feat. James Blake & 21 Savage)
468,1BAU6v0fuAV914qMUEESR1,Born With A Beer In My Hand
469,7K3BhSpAxZBznislvUMVtn,Last Night
470,03fs6oV5JAlbytRYf3371S,Everything I Love
471,73zawW1ttszLRgT9By826D,Man Made A Bar (feat. Eric Church)
472,2PsbT927UanvyH9VprlNOu,Devil Don’t Know
473,1rXq0uoV4KTgRN64jXzIxo,One Thing At A Time
474,3oZ6dlSfCE9gZ55MGPJctc,’98 Braves
475,2YVlDlk2zRceefo6XlC6DX,Ain’t That Some
476,7phmBo7bB9I9YifAXqnlqV,I Wrote The Book
477,5NzfnUyVaNrxa2VtoyBWlR,Tennessee Numbers
478,2Ej3iV0nulryy9S3UQvjSx,Hope That’s True
479,2ewSCWOL7EAjgmgqfI1UlS,Whiskey Friends
480,0JtgoDDf0ggWaoXCGhcOoT,Sunrise
481,1vcJdUJDM2NVXBsGncmLyh,Keith Whitley
482,2aw1aEAxMe05MZIS5XiK8U,In The Bible (feat. HARDY)
483,5W4kiM2cUYBJXKRudNyxjW,You Proof
484,3Qu3Zh4WTKhP9GEXo0aDnb,Thought You Should Know
485,77kye8TttXpEbvgoiVjZdo,F150-50
486,1GiwvmI57OTGcKGNigZFJb,Neon Star (Country Boy Lullaby)
487,7u2iWRkkz8GBYFe4apxVBl,I Deserve A Drink
488,0oPRfdP48RM4bd3xBFyiRo,Wine Into Water
489,68eDGmSTQgxJde9JTG7b71,Me + All Your Reasons
490,7ya4zrCKDslIfrztqglRIP,Tennessee Fan
491,09UUDUFaudMcUkocm2iqR8,Money On Me
492,0PAcdVzhPO4gq1Iym9ESnK,Thinkin’ Bout Me
493,12BjylmI6NS7ydikIzbuD0,Single Than She Was
494,4FhxN8PTyjkBVfwlCnr9Om,Days That End In Why
495,3NsqLy0x8l9VyNfOHQTNHs,Last Drive Down Main
496,3CqT9ajcy6pY7TonEPiV4H,Me To Me
497,77qpDGhjN7Hdp12JkPpHvY,Don't Think Jesus
498,4Q6LSSmQwn94hioXfvzdbU,180 (Lifestyle)
499,5sUjBX08aJ1XdMw7p2SXgq,Had It
500,7fveJ3pk1eSfxBdVkzdXZ0,Cowgirls (feat. ERNEST)
501,5LisHkYlpdkqNYl1HZ5cKd,Good Girl Gone Missin’
502,3uKJ1sSJXGLCMItH0YNPkh,Outlook
503,4kvjThnfQIsPOKjxx0aZDu,Dying Man
504,7DRM6aQqMhVMweZ8H7UBei,Yves
505,4CIyxiObT9G35HrSItAblR,HVN ON EARTH (with Kodak Black)
506,6dkffLWo31KnXmwCLsgA2K,Gist
507,6rjuKpPydT2SxN15TZpV7r,500lbs
508,302EsF6DE70LfngVNLlqo5,Fell In Love (with Ken Carson)
509,14QI6pBFZ9UtMqze2QdJhm,TEC
510,3YcOIEVaosMwND6mYRgzVe,Salty
511,47IAA5n1Sk5j1Pm4l74RGk,Real Discussions
512,5itTZ7kNRBl65Nn1QO9Ax9,Dead or Alive
513,4MH3blBofrBllAg4sRcqgM,Want It Bad
514,1N07KMMtQW7YUzAtmroYOq,U Don't Know Tec
515,0EKAROsLKmddZmMrf4Sf37,Used2This
516,346ittEDcO0iunrqX0iDi1,Trippin On U
517,30kR4o9ClDoZkZmgaXmbQ1,Either Way
518,6hAsChsFiKALkmIishhyVT,Need Me
519,4XuhhLn59vKP4pCAnBg6Vz,Monday to Sunday
520,1xWkeSPhf3bZqHY7Ncz8vp,500lbs
521,0HD8mbiPjp3o94X3EaZp0o,exes
522,5OUlarOZKy0cmIoLjdVj8L,greedy
523,22VHOlVYBqytsrAqV8yXBK,Dial Drunk (with Post Malone)
524,1hR8BSuEqPCCZfv93zzzz9,Welcome To New York (Taylor's Version)
525,45wMBGri1PORPjM9PwFfrS,Blank Space (Taylor's Version)
526,1hjRhYpWyqDpPahmSlUTlc,Style (Taylor's Version)
527,045ZeOHPIzhxxsm8bq5kyE,Out Of The Woods (Taylor's Version)
528,6GXgd1BPD9bUpqw5AntGV5,All You Had To Do Was Stay (Taylor's Version)
529,3pv7Q5v2dpdefwdWIvE7yH,Shake It Off (Taylor's Version)
530,43y1WpBdnEy5TR9aZoSQL9,I Wish You Would (Taylor's Version)
531,64FzgoLZ3oXu2SriZblHic,Bad Blood (Taylor's Version)
532,1K39ty6o1sHwwlZwO6a7wK,Wildest Dreams (Taylor's Version)
533,75W3SngKzTuoQ94uLf3y82,How You Get The Girl (Taylor's Version)
534,5QVVjX0ZItqlVpEuVCM9Yg,This Love (Taylor’s Version)
535,2f0GI2ZLUtbGqFx8t2Gk6A,I Know Places (Taylor's Version)
536,2ByBBvpR9b7IynvRmnG7kG,Clean (Taylor's Version)
537,2ve0kuaWUCt4Zx8x4bf1MR,Wonderland (Taylor's Version)
538,4UwqOWDpdeIDVQDuKT6iza,You Are In Love (Taylor's Version)
539,2vPMoMDXxu9uX1igWZmXSG,New Romantics (Taylor's Version)
540,71BqAINEnezjQfxE4VuJfq,"""Slut!"" (Taylor's Version) (From The Vault)"
541,4NioO5R9sHEZh4cGzMHyNt,Say Don't Go (Taylor's Version) (From The Vault)
542,5KD6AEm19QnMbfWpfoOHMl,Now That We Don't Talk (Taylor's Version) (From The Vault)
543,6T0sEnqjmHISIKwFETeeiP,Suburban Legends (Taylor's Version) (From The Vault)
544,1Iq8oo9XkmmvCQiGOfORiz,Is It Over Now? (Taylor's Version) (From The Vault)
545,68cUJFq7aAbgeurngTmngL,$AD BOYZ II
546,6YOfGIE6iFxC7G8OlGGvzW,ROCKSTAR
547,431Dwa4XSR1z1aWgmCisnP,SERPIENTE
548,2a8yglXvNw07OWu4lO2ByG,LA CHERRY
549,77ewVGidVJETHhGtlNelrg,MIÉNTELE
550,6RcAHyC5sAUIbPTkhOQwd8,Y LLORO
551,0uQhDYHyoZe5DpncrPolb6,LAS NOCHES
552,2CshODtf7iwe3pKlPmEWF5,TRES BOTELLAS
553,0N9YbdsoDv3SwT8wt4S5rT,MILES DE ROSAS
554,5VcZAOKJCIys1mTgkpd6FV,PARIS
555,45jWNNpTqJ4gSty54msOLx,OTRO AMOR
556,3agTX6v1AbfY3mMA8qX2Bh,EN LA PEDA
557,4ZOkfHC38nxSeSqzGE5HFr,PIÉNSALO
558,0ItgotO5txriRAp6lXMHJ7,A TU NOMBRE
559,0OG0qjJ9gN85kWZtIzW5uS,LOKERON X AMOR
560,4e76Ss3ji7HQZ4qwcPNkNA,MIENTRAS DUERMES
561,5fDDQmf4HaV848CIyrP2vl,ENTRE NOSOTROS
562,3OdIiWnYRHPYtC313Z0Bwy,Face-off
563,2qg2jy3v50RwfV5FAqG3a2,Interlude : Dive
564,3Ua0m0YmEjrMi9XErKcNiR,Like Crazy
565,5Hfnps0jaWFpYg55WOPexG,Alone
566,1fpj1CJPxY3YvN3AMAEYvt,Set Me Free Pt.2
567,0u8rZGtXJrLtiSe34FPjGG,Like Crazy (English Version)
568,42TtHTxWk782ZBiqyOi2d1,Dawns (feat. Maggie Rogers)
569,3MtB4aOzFkXJvAREmsy1Dj,Green Room
570,04hgBWsBDEyVP8pH0BCZbG,Jennifer’s Body
571,2c7sRekhMGlj7u1WIIzoQu,Fighting My Demons
572,56QNTK715IJeYmJP2grB5f,Singapore (feat. Destroy Lonely)
573,5ZY2fIqxuKDr5pdz0ucpRz,Lose It
574,39xDX63yonTblgoHdTKLtI,Hardcore
575,0hhNTyH6RJJGItHeSMCof3,Me N My Kup
576,6dhLnWxKnrrCszvUKRPkNq,It’s Over
577,2pcv4nUQqaZnJk1kYvCfXV,Succubus
578,2l48XirhkqQ5qRqtwItNXn,Paranoid (feat. Destroy Lonely)
579,1uKWqIe47TjOC06rvTEWQa,Pots
580,1DypGkTryeH4cPFBVucxo4,"Like This (feat. Lil Uzi Vert, Destroy Lonely)"
581,4hZi9952OTtYQnXo2FJT6C,Overtime
582,1U29Vg8V5ivbxirZaG7XAR,Vampire Hour
583,5wotbFovMedDXEMKC4DrHf,Nightcore
584,6p1j9OP2IBdzR5tgtyJk10,Nightcore 2
585,5I8LS9jiW5xju1lzakh1s3,Rockstar Lifestyle
586,3YBU7JlsPHIXhEuc7OXrIT,i need u
587,1vYXt7VSjH9JIM5oRRo7vA,Dance The Night - From Barbie The Album
588,0hL9gOw6XBWsygEUcVjxEc,HYAENA
589,1PH2MDbcBAU094DlgTIND1,THANK GOD
590,3KCNiDi9Pza6ZD8FggNoaw,MODERN JAM (feat. Teezo Touchdown)
591,4kjI1gwQZRKNDkw1nI475M,MY EYES
592,04WxWo7XeVyx22xEsrWRUb,GOD'S COUNTRY
593,7LSpFCvRZZot2AlmkUzy9k,SIRENS
594,67nepsnrcZkowTxMWigSbb,MELTDOWN (feat. Drake)
595,42VsgItocQwOQC3XWZ8JNA,FE!N (feat. Playboi Carti)
596,0OEe83mMZ5kaNw5uZQ7ilG,DELRESTO (ECHOES) (feat. Beyoncé)
597,6wsqVwoiVH2kde4k4KKAFU,I KNOW ?
598,0lodMO0qK83vfPiiD7FMEt,TOPIA TWINS (feat. Rob49 & 21 Savage)
599,4GL9GMX9t7Qkprvf1YighZ,CIRCUS MAXIMUS (feat. The Weeknd & Swae Lee)
600,2Q0aElTZQtEUsoiaQfizu6,PARASAIL (feat. Yung Lean & Dave Chappelle)
601,0bkV1iQHSxBaksUqgEkcbc,SKITZO (feat. Young Thug)
602,7EiUtdeoWcKqLi5ELZCjYf,LOST FOREVER (feat. Westside Gunn)
603,0a4SMs889NwP8oWI7Vemle,LOOOVE (feat. Kid Cudi)
604,4o82J5zr4DFEs9yj5szCVX,K-POP (feat. Bad Bunny & The Weeknd)
605,1i9lZvlaDdWDPyXEE95aiq,TELEKINESIS (feat. SZA & Future)
606,76gcXhY3Zv6wW0BTe9nHJo,TIL FURTHER NOTICE (feat. James Blake & 21 Savage)
607,56xHMIfQPoe0prrSi3BGhf,Can’t Catch Me Now - from The Hunger Games: The Ballad of Songbirds & Snakes
608,4OMJGnvZfDvsePyCwRGO7X,Houdini
609,0bILU0UiNDmA5Ff6whhb2R,Religiously
610,1XDyVXt7xfw5l301dL3wz2,Warzone
611,26YvZWW29FXHaSRQzajRYv,Fix'n To Break
612,1METmonk8nOuH6rEl10P4Q,Forget About You
613,3a8NTuwOT8NcIS3FpsLhY1,Chase Her
614,0rCFRyEy4WXjRXNpO80Dzs,Fall In Love
615,5uPQjirx9C6MS47V556x46,You Don’t Want That Smoke
616,6IyriuNUSXTJEbuu19Q8oN,Found Your Love
617,1TE8AAk9koG0UJco6ZAUfx,Rock and A Hard Place
618,7AWZGoyKIkI36oXHa863X0,Other Side Of Lettin’ Go
619,1DwbKGEgL9EgJ7SpCcsHGI,Pain Won’t Last
620,0wXThIDxO3YRJCpPgnmbkw,Where It Ends
621,5Qt4tTjY5bjhKa3OGNVP2J,God’s Gonna Cut You Down
622,0deEg960cHibvZ8d80hvWx,Fadeaway
623,3C3ooMrQyhr0gouukZTGz4,Get to Gettin’ Gone
624,6QywUuuP4N5IXLu27r7ybr,Is This Really Over?
625,1LmkdWSxjCV7wKTPsCvYWN,Winter Wonderland - Spotify Singles Holiday
626,2kE2HFBFkJ0VMw3igxYohz,Wild Ones (feat. Jelly Roll)
627,7CyPwkp0oE8Ro9Dd5CUDjW,"One Of The Girls (with JENNIE, Lily Rose Depp)"
628,5LffvExhQQFcfwqkGNpFpM,Jealous Guy
629,010ZkIVv6Ay5vqqHVCCiKB,"Fill The Void (with Lily Rose Depp, Ramsey)"
630,44IXD2J5yyr7PpOZzz2cmQ,Fear and Friday's (Poem)
631,5pIVEk6Di7n1v5khOzJaJL,Overtime
632,7eOuUmpnHBlg5zsm8Cs7c3,Summertime's Close
633,00syWkRGIVQvYsg2OwfBUw,East Side of Sorrow
634,4pCbJC43j3gSqG6Fen6upD,Hey Driver (feat. The War and Treaty)
635,0GMiRrUnQuoGddKMsxGPIZ,Fear and Friday's
636,1HwDRgozGBMyfJTQUfz09A,Ticking
637,3itgPtXSu4I9mr2QD6yrzP,Holy Roller (feat. Sierra Ferrell)
638,2pUYbyOIOSfDfsnCR3KceZ,Jake's Piano - Long Island
639,7C1BLYzAvR0KdBpov3GpUZ,El Dorado
640,4KULAymBBJcPRpk1yO4dOG,I Remember Everything (feat. Kacey Musgraves)
641,3EvZ03hGAFwGZ2Ebcu86YH,Tourniquet
642,0HEytGQM3bG1vKxER7IgVK,Spotless (feat. The Lumineers)
643,6Otmq7JokHh38wKSqUimcS,Tradesman
644,67aaFVnfvFWjxVQMd0jDb5,Smaller Acts
645,4ueTr01dkL360w1knfh21C,Oklahoman Son
646,6xi4KL7KDYjzz3wuvLBeOg,emails i can’t send
647,3o99q6o0C2HdEiXJbLL5Wb,Vicious
648,2Irr5XfPM6cyoKijHSCrqM,Read your Mind
649,53pcTIVGVE58vWWM7hfYPl,Tornado Warnings
650,1Y7qOCA4FMQlxJjpekw8X0,because i liked a boy
651,443Rp7TCj7n3SNDkmRIQb6,Already Over
652,6NvlhDdVgFotNgPK30LM2T,how many things
653,2emeScREzF5sqckc9Lejc4,bet u wanna
654,6jSQ6c7OkA4ExGWM61uYcS,Nonsense
655,2PF942PpnXkvXgLjphm8gG,Fast Times
656,436RVcyrHyXdqYNWGYMxx5,skinny dipping
657,1pp48yqPWZIsaDSIBrVe0r,Bad for Business
658,58AFokYCv4jdJ2T0hEoQ2r,decode
659,27Jko74ZSVY1kwt0vMY6Pu,opposite
660,2Zo1PcszsT9WQ0ANntJbID,Feather
661,0HYhOGKAHiOsv8GW4JdMJ8,Lonesome
662,2t2fnYja6b2pUizMungIo0,things i wish you said
663,78Du4CMFgnhdlG33gblkiP,Rich Men North of Richmond
664,34sOdxWu9FljH84UXdRwu1,all-american bitch
665,3IX0yuEVvDbnqUwMBB3ouC,bad idea right?
666,1kuGVB7EU95pJObxwvfwKS,vampire
667,6QT6j7rKt7Vk3IuV2AUO9W,lacy
668,5sp71CUt0jXRNqHblPGp7b,ballad of a homeschooled girl
669,5CscrLqFBgPfZR8fGtikov,making the bed
670,53dtP2iUMvaF28JZcHnFuU,logical
671,2gyxAWHebV7xPYVxqoi86f,get him back!
672,26QLJMK8G0M06sk7h7Fkse,love is embarrassing
673,3Nl5OkkmS5DaBZvuYofpAt,the grudge
674,6W9l02gRsXVxzIuQC1oc1X,pretty isn’t pretty
675,7fesNTgTEMEH0ye8MOgEDY,teenage dream
676,3eP13S8D5m2cweMEg3ZDed,Virginia Beach
677,0Mrnt1YqVuW2bqmwu4VxDt,Amen (feat. Teezo Touchdown)
678,2nibvvDdAQkVraYP00z2RS,Calling For You (feat. 21 Savage)
679,53KaP77tkliz36LPxWGlWK,Fear Of Heights
680,4ZT0wGKwlJRjpMUuwZVy3p,Daylight
681,7aqfrAY2p9BUSiupwk3svU,First Person Shooter (feat. J. Cole)
682,2YSzYUF3jWqb9YP9VXmpjE,IDGAF (feat. Yeat)
683,1GpWY5RiInhezB8wGWs6oN,7969 Santa
684,0AYt6NMyyLd0rLuvr0UkMH,Slime You Out (feat. SZA)
685,3JZjcKImHcmOI9ylL4zrSc,Bahamas Promises
686,3IHt4j5uAEl7iBu8Utn985,Tried Our Best
687,0ArVfVP8B5svkfj8clHNzB,Screw The World - Interlude
688,03rwnftfgpYVO6QDWOZcG6,Drew A Picasso
689,24FUBxaAYSBlWsbSnEzDcn,Members Only (feat. PARTYNEXTDOOR)
690,1DAibqbopEYULPEtE8WHTE,What Would Pluto Do
691,1PIgY9ybyFT9uWLM5POYGY,All The Parties (feat. Chief Keef)
692,0w3Mfe4PIVjuFjJbe3OlYv,8am in Charlotte
693,1mjAD7IYvI5UGiB7WnppMf,BBL Love - Interlude
694,6ZprqcYFC6D9eIZaCoqrSn,Gently (feat. Bad Bunny)
695,1yeB8MUNeLo9Ek1UEpsyz6,Rich Baby Daddy (feat. Sexyy Red & SZA)
696,17IBDpAl3J39swaoPlfGpp,Another Late Night (feat. Lil Yachty)
697,4IcbUXrAzBtn6iUO1LP471,Away From Home
698,3oZZfVvLJuDYc4Vn3A63Fw,Polar Opposites
699,7DSAEUvxU8FajXtRloy8M0,Flowers
700,0LbZLBBZI1NfaDgb4dx0UD,Jaded
701,1nSfvLVhsozMHS7rCF1BTi,Rose Colored Lenses
702,41WQUSINanQHfhfKpFDsms,Used To Be Young
703,3DoSolxGSDoV7G7MtcIPiZ,Thousand Miles (feat. Brandi Carlile)
704,3LNRi4UytUnez6T0hFb4x3,You
705,6eiNVtWCRsU7N6JDPXFI2W,Handstand
706,1yampU2t2LNWzEsCpUgHYJ,River
707,4C2Y3Y2x2PbOqwdNBuLjP3,Violet Chemistry
708,6QSR2OrZOICOXfFB5Wswt1,Muddy Feet (feat. Sia)
709,0Gb6pfKdfoQ17jUqx1Yohc,Wildcard
710,4LRxmh62YHxSHL4hGLq0ln,Island
711,1sHRnn8zuTMusee3ahseXC,Wonder Woman
712,1ZJwhLQLt2quexYKP2Q3gk,Flowers (Demo)
713,5XVdHRf4CAJ2Jm0uMIy5qY,La Víctima
714,6WzRpISELf3YglGAh7TXcG,Popular (with Playboi Carti & Madonna) - Music from the HBO Original Series
715,59uQI0PADDKeE6UZDTJEe8,Last Night
716,62L9AbfPmUm8gV578rxC51,Everything I Love
717,76FeKAU0A4dpFGrVSg2TX2,I Wrote The Book
718,6YV2AI87l1n2fzqU8Dyo05,Virginia Beach
719,59ZmQR4pwCaa5iM3veM7Cs,Amen (feat. Teezo Touchdown)
720,2R30S0W4JCM9JaQWlpmeWn,Calling For You (feat. 21 Savage)
721,6LFW4dEsLeiGluniXRgVYr,Fear Of Heights
722,1us5wNgZc0YLT8RQQs2Q7L,Daylight
723,6xIsHPRHdbzU6UMVFn4wh8,First Person Shooter (feat. J. Cole)
724,2uvBprdlMpzeN5Bq0PzMBI,IDGAF (feat. Yeat)
725,0pdMOh52apEWAS1xELJY7Q,7969 Santa
726,4gQBXN2GBRpemMuxg5y3h9,Slime You Out (feat. SZA)
727,3nHat22UwPywIevUrXIhy1,Bahamas Promises
728,5BTu8L170anjdgSohdBkkv,Tried Our Best
729,71VKjJjn76sn5Tt8X8Ay8c,Screw The World - Interlude
730,7jKNxYzPFGDWEemcRVebLb,Drew A Picasso
731,7uHF03xE84sQ5PicRNH3yu,Members Only (feat. PARTYNEXTDOOR)
732,4e0uZkMYa8e8HJ5TEUN417,What Would Pluto Do
733,04BF53Rb6LOpDUJG518IqS,All The Parties (feat. Chief Keef)
734,1dKXBUKx7oCB2UXlkihNn8,8am in Charlotte
735,4bF4MxTGnNj8dTW0LZmAx5,BBL Love - Interlude
736,3BE3IYsAhqkTiRIR7T7x7M,Gently (feat. Bad Bunny)
737,2DSy4HfDQoBsPPcRSoeM16,Rich Baby Daddy (feat. Sexyy Red & SZA)
738,6N7CsPNdryWPtG5CTmCHpx,Another Late Night (feat. Lil Yachty)
739,2QThr0NmKP43AbPOrW2cDl,Away From Home
740,1GZJGEId948OqKmf24ubj5,Polar Opposites
741,5Mc8XDfGQCMkOEZm9rS1cE,Red Button
742,0ZB5pdrM1leH58IgokDPZM,Stories About My Brother
743,2Mph2Rvl5kVg0MYtfV60wZ,The Shoe Fits
744,4ASBfwBwwo7DTT2zq9YSLP,Wick Man
745,2ut4BOQSqxLpcX5MtPjzYa,Evil Ways (feat. J. Cole)
746,5Se32hEA9raeboZerywxka,You Broke My Heart
747,2SRiJNA3yILEMOPbETtL6M,VOODOO
748,5OYRVKWII0Eog7CjQRnmGf,MI DROGA
749,7qnKyMGK3eccOIIv06l3M9,MÁS ALLÁ
750,2QKVCfIDdHf16FkDPFHBHX,ULALA (OOH LA LA)
751,540VOu1aQ9TqENgWAC82Rz,NO SALGO
752,2kYpPAekg0r1hHtfmi1f0V,CONOCERTE
753,4EuHUvcXfXxb0rYBgmN413,MUNDO CRUEL
754,1EOyHhh5uOwNrDhiUNnH2u,CAMA KING (feat. Chita)
755,5SjaZNwy1DpttK1lLk1r3j,SÁBADO
756,3Rdqhtt2srhdV5n0hPwveI,CENIZAS QUEDAN
757,3LlFkrG9XT36U0dxiD6e0b,LO QUE PIDE
758,5jsIhWqqJ2sw3oNPVPnK9Y,EXTRA EXTRA
759,7ffrqpG2Q6FaxtSUhgiLhM,TU REHÉN
760,6L2vbBkuVeq8Lnl9nigS8k,BELLA KYAL
761,63TolxqG0C6bNh23Ht4jHf,CELOS
762,3Z0l8qwMuC376pcutLVsY8,AGUARDIENTE
763,4qdaqybEKlRHZnI6RoDFmt,EL CALENTÓN
764,6wTX1zUPc2qdQnDZnVhuoV,DON & TEGO
765,52BBXEWltdMGJZidf3PF17,EN ALTA
766,2x2RrrEVDwCyMF2XnHAHVB,FLOW JAMAICAN
767,5IpXQFmVvs7EnT90fhduno,EQUIX
768,7ABLbnD53cQK00mhcaOUVG,LALA
769,1CAES9vrn9NdldxARlfSUM,LO LOGRÉ
770,0bILU0UiNDmA5Ff6whhb2R,Religiously
771,1XDyVXt7xfw5l301dL3wz2,Warzone
772,26YvZWW29FXHaSRQzajRYv,Fix'n To Break
773,1METmonk8nOuH6rEl10P4Q,Forget About You
774,3a8NTuwOT8NcIS3FpsLhY1,Chase Her
775,0rCFRyEy4WXjRXNpO80Dzs,Fall In Love
776,5uPQjirx9C6MS47V556x46,You Don’t Want That Smoke
777,6IyriuNUSXTJEbuu19Q8oN,Found Your Love
778,1TE8AAk9koG0UJco6ZAUfx,Rock and A Hard Place
779,7AWZGoyKIkI36oXHa863X0,Other Side Of Lettin’ Go
780,1DwbKGEgL9EgJ7SpCcsHGI,Pain Won’t Last
781,0wXThIDxO3YRJCpPgnmbkw,Where It Ends
782,5Qt4tTjY5bjhKa3OGNVP2J,God’s Gonna Cut You Down
783,0deEg960cHibvZ8d80hvWx,Fadeaway
784,3C3ooMrQyhr0gouukZTGz4,Get to Gettin’ Gone
785,6QywUuuP4N5IXLu27r7ybr,Is This Really Over?
786,1hR8BSuEqPCCZfv93zzzz9,Welcome To New York (Taylor's Version)
787,45wMBGri1PORPjM9PwFfrS,Blank Space (Taylor's Version)
788,1hjRhYpWyqDpPahmSlUTlc,Style (Taylor's Version)
789,045ZeOHPIzhxxsm8bq5kyE,Out Of The Woods (Taylor's Version)
790,6GXgd1BPD9bUpqw5AntGV5,All You Had To Do Was Stay (Taylor's Version)
791,3pv7Q5v2dpdefwdWIvE7yH,Shake It Off (Taylor's Version)
792,43y1WpBdnEy5TR9aZoSQL9,I Wish You Would (Taylor's Version)
793,64FzgoLZ3oXu2SriZblHic,Bad Blood (Taylor's Version)
794,1K39ty6o1sHwwlZwO6a7wK,Wildest Dreams (Taylor's Version)
795,75W3SngKzTuoQ94uLf3y82,How You Get The Girl (Taylor's Version)
796,5QVVjX0ZItqlVpEuVCM9Yg,This Love (Taylor’s Version)
797,2f0GI2ZLUtbGqFx8t2Gk6A,I Know Places (Taylor's Version)
798,2ByBBvpR9b7IynvRmnG7kG,Clean (Taylor's Version)
799,2ve0kuaWUCt4Zx8x4bf1MR,Wonderland (Taylor's Version)
800,4UwqOWDpdeIDVQDuKT6iza,You Are In Love (Taylor's Version)
801,2vPMoMDXxu9uX1igWZmXSG,New Romantics (Taylor's Version)
802,71BqAINEnezjQfxE4VuJfq,"""Slut!"" (Taylor's Version) (From The Vault)"
803,4NioO5R9sHEZh4cGzMHyNt,Say Don't Go (Taylor's Version) (From The Vault)
804,5KD6AEm19QnMbfWpfoOHMl,Now That We Don't Talk (Taylor's Version) (From The Vault)
805,6T0sEnqjmHISIKwFETeeiP,Suburban Legends (Taylor's Version) (From The Vault)
806,1Iq8oo9XkmmvCQiGOfORiz,Is It Over Now? (Taylor's Version) (From The Vault)
807,1BAU6v0fuAV914qMUEESR1,Born With A Beer In My Hand
808,7K3BhSpAxZBznislvUMVtn,Last Night
809,03fs6oV5JAlbytRYf3371S,Everything I Love
810,73zawW1ttszLRgT9By826D,Man Made A Bar (feat. Eric Church)
811,2PsbT927UanvyH9VprlNOu,Devil Don’t Know
812,1rXq0uoV4KTgRN64jXzIxo,One Thing At A Time
813,3oZ6dlSfCE9gZ55MGPJctc,’98 Braves
814,2YVlDlk2zRceefo6XlC6DX,Ain’t That Some
815,7phmBo7bB9I9YifAXqnlqV,I Wrote The Book
816,5NzfnUyVaNrxa2VtoyBWlR,Tennessee Numbers
817,2Ej3iV0nulryy9S3UQvjSx,Hope That’s True
818,2ewSCWOL7EAjgmgqfI1UlS,Whiskey Friends
819,0JtgoDDf0ggWaoXCGhcOoT,Sunrise
820,1vcJdUJDM2NVXBsGncmLyh,Keith Whitley
821,2aw1aEAxMe05MZIS5XiK8U,In The Bible (feat. HARDY)
822,5W4kiM2cUYBJXKRudNyxjW,You Proof
823,3Qu3Zh4WTKhP9GEXo0aDnb,Thought You Should Know
824,77kye8TttXpEbvgoiVjZdo,F150-50
825,1GiwvmI57OTGcKGNigZFJb,Neon Star (Country Boy Lullaby)
826,7u2iWRkkz8GBYFe4apxVBl,I Deserve A Drink
827,0oPRfdP48RM4bd3xBFyiRo,Wine Into Water
828,68eDGmSTQgxJde9JTG7b71,Me + All Your Reasons
829,7ya4zrCKDslIfrztqglRIP,Tennessee Fan
830,09UUDUFaudMcUkocm2iqR8,Money On Me
831,0PAcdVzhPO4gq1Iym9ESnK,Thinkin’ Bout Me
832,12BjylmI6NS7ydikIzbuD0,Single Than She Was
833,4FhxN8PTyjkBVfwlCnr9Om,Days That End In Why
834,3NsqLy0x8l9VyNfOHQTNHs,Last Drive Down Main
835,3CqT9ajcy6pY7TonEPiV4H,Me To Me
836,77qpDGhjN7Hdp12JkPpHvY,Don't Think Jesus
837,4Q6LSSmQwn94hioXfvzdbU,180 (Lifestyle)
838,5sUjBX08aJ1XdMw7p2SXgq,Had It
839,7fveJ3pk1eSfxBdVkzdXZ0,Cowgirls (feat. ERNEST)
840,5LisHkYlpdkqNYl1HZ5cKd,Good Girl Gone Missin’
841,3uKJ1sSJXGLCMItH0YNPkh,Outlook
842,4kvjThnfQIsPOKjxx0aZDu,Dying Man
843,25Cd7qrFbOpSwYpkPugNyT,Never Coming Home
844,72kGuWpRiuA149Bn5lDkIO,We Ride
845,0UKKKLMpHhdpwQNsXEoNM1,Poets & Old Souls
846,3cI2o7t5XYeeSJo76ZE8QL,Things You Didn't Make Time For
847,0gA3jIpxLSh2400HhhMmAm,Another Honky Tonk
848,2RqTfyVb2qAXUk90XPNiYG,He Knows The Struggle
849,7yyRhjoCsdt5dDpFz2CImD,Wolves Cry
850,5QKMdz7xcO1886Z4ju6TAe,We Ride - Acoustic
851,6KxfXZnAMhTHIjzRQEm1ke,Wolves Cry - Acoustic
852,0cVyQfDyRnMJ0V3rjjdlU3,Lil Boo Thang
853,4oEf84vBYVftf6KmZexhVo,Northern Attitude (with Hozier)
854,2UW7JaomAMuX9pZrjVpHAU,La Bebe - Remix
855,36LtTTJUeVpitIeVfrJcnV,La Bebe
856,74X2u8JMVooG2QbjRxXwR8,Perfect Night
857,7aRCf5cLOFN1U7kvtChY1G,Search & Rescue
858,3wlIAXSDtlD9iU8ysld06Z,BIPOLAR
859,741UUVE2kuITl0c6zuqqbO,Barbie World (with Aqua) [From Barbie The Album]
860,1haJsMtoBhHfvuM7XWuT3W,El Azul
861,34sOdxWu9FljH84UXdRwu1,all-american bitch
862,3IX0yuEVvDbnqUwMBB3ouC,bad idea right?
863,1kuGVB7EU95pJObxwvfwKS,vampire
864,6QT6j7rKt7Vk3IuV2AUO9W,lacy
865,5sp71CUt0jXRNqHblPGp7b,ballad of a homeschooled girl
866,5CscrLqFBgPfZR8fGtikov,making the bed
867,53dtP2iUMvaF28JZcHnFuU,logical
868,2gyxAWHebV7xPYVxqoi86f,get him back!
869,26QLJMK8G0M06sk7h7Fkse,love is embarrassing
870,3Nl5OkkmS5DaBZvuYofpAt,the grudge
871,6W9l02gRsXVxzIuQC1oc1X,pretty isn’t pretty
872,7fesNTgTEMEH0ye8MOgEDY,teenage dream
873,4yjeRuoVickg1G87LWeRes,ROSA PASTEL
874,3RA55zrRkyPK8Fd86hrMy8,LUNA
875,6jUgruwAzfIA3HUQIO3wCR,77
876,0xGZjxYqcNQ8WqxyeZ4eSN,RUBICON
877,2bXJMQZSJND3UYq5mjV4cB,CARNAL
878,0lc2neV7ZzjZExwCIVG2B3,LAS MORRAS
879,775hCSePn3GW4h9nZ636kq,GAVILÁN II
880,3B0swL7Qil9bB7eKzBREBK,VVS
881,1tGGJ4SRZnd2H0E2dV05iM,SU CASA
882,7mXuWTczZNxG5EDcjFEuJR,LADY GAGA
883,3CEk3KwDixeCKOVPacup7L,ZAPATA
884,0cNSq9T5l8gZnpY14rsTR2,PRC
885,1RzjXhgnzqb3dMa5852itx,LA PEOPLE
886,4Nf5EZ40JenjMUKXOiyRU5,NUEVA VIDA
887,7bPp2NmpmyhLJ7zWazAXMu,TULUM
888,3HOKxuTDmNVmIlCIpBiD8m,LAGUNAS
889,6f8wbdo8KU5ETWJA7lapgS,BYE
890,0JDzwUkxHmoGd7su8ER2Ce,BICHOTAG
891,4gJfPoMIcSDGY0tMGxm6Fu,OKI DOKI
892,54zcJnb3tp9c5OVKREZ1Is,MI EX TENÍA RAZÓN
893,0BFQC00Y58JtjMyTXOJazO,S91
894,5RqSsdzTNPX1uzkmlHCFvK,QLONA
895,0GJwUAlBMJTbY4VE7iE761,UNA NOCHE EN MEDELLÍN - REMIX
896,1Uvl2i3MlsoqGConBaKi7G,ME TENGO QUE IR
897,5bD6mFl116xCxVMLy7IK9F,GATITA GANGSTER
898,7xHNDiHAqzjIKKeR8f5vhH,PROVENZA - REMIX
899,1hR8BSuEqPCCZfv93zzzz9,Welcome To New York (Taylor's Version)
900,45wMBGri1PORPjM9PwFfrS,Blank Space (Taylor's Version)
901,1hjRhYpWyqDpPahmSlUTlc,Style (Taylor's Version)
902,045ZeOHPIzhxxsm8bq5kyE,Out Of The Woods (Taylor's Version)
903,6GXgd1BPD9bUpqw5AntGV5,All You Had To Do Was Stay (Taylor's Version)
904,3pv7Q5v2dpdefwdWIvE7yH,Shake It Off (Taylor's Version)
905,43y1WpBdnEy5TR9aZoSQL9,I Wish You Would (Taylor's Version)
906,64FzgoLZ3oXu2SriZblHic,Bad Blood (Taylor's Version)
907,1K39ty6o1sHwwlZwO6a7wK,Wildest Dreams (Taylor's Version)
908,75W3SngKzTuoQ94uLf3y82,How You Get The Girl (Taylor's Version)
909,5QVVjX0ZItqlVpEuVCM9Yg,This Love (Taylor’s Version)
910,2f0GI2ZLUtbGqFx8t2Gk6A,I Know Places (Taylor's Version)
911,2ByBBvpR9b7IynvRmnG7kG,Clean (Taylor's Version)
912,2ve0kuaWUCt4Zx8x4bf1MR,Wonderland (Taylor's Version)
913,4UwqOWDpdeIDVQDuKT6iza,You Are In Love (Taylor's Version)
914,2vPMoMDXxu9uX1igWZmXSG,New Romantics (Taylor's Version)
915,71BqAINEnezjQfxE4VuJfq,"""Slut!"" (Taylor's Version) (From The Vault)"
916,4NioO5R9sHEZh4cGzMHyNt,Say Don't Go (Taylor's Version) (From The Vault)
917,5KD6AEm19QnMbfWpfoOHMl,Now That We Don't Talk (Taylor's Version) (From The Vault)
918,6T0sEnqjmHISIKwFETeeiP,Suburban Legends (Taylor's Version) (From The Vault)
919,1Iq8oo9XkmmvCQiGOfORiz,Is It Over Now? (Taylor's Version) (From The Vault)
920,7ry34dFOuoK2c5GoYWWsl3,Nostalgia
921,1xnAVO60FwWTRa7LJPoNKG,Long Journey
922,5W0RVQViQC7xocvAUnIs6Z,Call Your Friends
923,59ksHIFa69pi0az2bKdu6s,HG4
924,0wGVE3BxTW5KCjoLsNlVRB,Come See Me
925,4RMm3bonEDyYj5aJGkaJqX,Crazy
926,694k4TfDqOqmhebj79li54,Love For A Thug
927,0qa1qa4OCFCfgiNYLjMzCH,Checkmate
928,4aA7Lrm6rLGHx5kRMVb7NU,Fight The Feeling
929,3kfhS2L56Wj8fBcu7xE47H,Turks & Caicos (feat. 21 Savage)
930,2z2gqgwu1GCurpZJYzcytE,Boyz Don't Cry
931,7AFApnZCpYBlq2R2lpVfUb,Pass You By
932,4M68xjcc42oxyphhzpOWXS,Great Gatsby
933,2mexnPoWLPhuA6yocViyge,Keep It G
934,0wI9sEQbz9LlI7P1NDutmU,Love Story/Interlude
935,6fDRECyrduLIU9HwbpsRR2,Rap Beef
936,10QtceSp0oOi9AfEymzTRG,Back Lit
937,1VSJTVzLy3NfHQB6DpjKk9,2018
938,1WTdZjiHI4vYnENXLn69x0,Are You Gone Already
939,1fKT7RUtOf4xNEqctEFe5L,Barbie Dangerous
940,1a73gcEg6h6Re6hHXoVltJ,FTCU
941,5iHC401tsNlJRY46ECSYbo,Beep Beep
942,7aWeQwHSMD6TzPOepi1tlb,Fallin 4 U
943,44gmXwbdHjwQsQvsiraj14,Let Me Calm Down (feat. J. Cole)
944,4DNmr6nXrvHLRh6oxOHNsz,RNB (feat. Lil Wayne & Tate Kobang)
945,70M5FBXSs1b1tJF2zywHyP,Pink Birthday
946,4I4G0LD277PWvfblYtSf91,Needle (feat. Drake)
947,15wos7ChIkysPIrX31hwwa,Cowgirl (feat. Lourdiz)
948,5ZJGv7aGdIr9IGpxzSG18T,Everybody (feat. Lil Uzi Vert)
949,0ZhPWSfAKzeVQbRG08E1iI,Big Difference
950,3fhvnn5xALwA2htzljsU1v,Red Ruby Da Sleeze
951,0llFq02Nqzra7ZRfSjBxan,Forward From Trini (feat. Skillibeng & Skeng)
952,44L2bY93uD65CEHWbozpx4,Pink Friday Girls
953,2uHn71ZwsodBen5QUUDqHw,Super Freaky Girl
954,2pwC49pIHyJKmbhlGa3lqL,Bahm Bahm
955,1EykqsKCk0TNTTsqXrqGVy,My Life
956,0EUi22tHkqKsZqohlRemto,Nicki Hendrix (feat. Future)
957,0USJzZsIiPDbr6ZXgXik7B,Blessings (feat. Tasha Cobbs Leonard)
958,1vj6nXzAFkfHLf9lkojNwu,Last Time I Saw You
959,6vIIl0y2h9QICr8J15O16L,Just The Memories
960,5ye1TParxcolbnNsOXO8qE,Sleep Well
961,5LrN7yUQAzvthd4QujgPFr,Here With Me
962,6BQPRUFGHsgtNYJxuwhktR,This Is How It Feels (with Laufey)
963,05vvPTidbjvDySLc9o65YS,Don't Forget About Me
964,26vDr5jgWQoJOTH4Bu3KCQ,WORTHLESS
965,5XztHXAVuubYi0GgqGGgF5,Backstreet Girl
966,1tuSpba0RXUMubHpAOWlMN,You and I
967,0SCLsDJtC7DmOwks1tsszt,Romantic Homicide
968,7MTHpsxtKVJaBL6e9WXzqD,The Bridge
969,23d8v6tU6lR77pFKsApMtF,NADIE SABE
970,4MjDJD8cW7iVeWInc2Bdyj,MONACO
971,3nNmRE0DxHC6ZaKkrpUumS,FINA
972,4qSEvFGCpde73gqIuq3sho,HIBIKI
973,1ODFVLQszq0hCOdZtqV5wq,MR. OCTOBER
974,4Jc7252S1P99DjQ1lNGEOc,CYBERTRUCK
975,0rDQZJtSGgsB2rdkObpdFa,VOU 787
976,1YnChEM51BVZ5dRhbVFEMl,SEDA
977,1U3A66OHQyTu4N2QTMsP86,GRACIAS POR NADA
978,01ppKlDRCmPpusO3yNrSRY,TELEFONO NUEVO
979,3NhstUmrlhaN1M6hP8zMbb,BABY NUEVA
980,3TYOH7ta0101NYssoH5GlU,MERCEDES CAROTA
981,7ucEkWU0SVy0XFdfXESgfY,LOS PITS
982,3mRF0YNsDdFKFnxwg16hSz,VUELVE CANDY B
983,5qzLdvRViHUrRNdkpakG7C,BATICANO
984,39L3LdlHS3gqB62HPWaJRg,NO ME QUIERO CASAR
985,2sTDlCxmuZCTDKKk9f1qus,WHERE SHE GOES
986,4pcafPzLDSqQktqSpxHL3E,THUNDER Y LIGHTNING
987,7iQXYTyuG13aoeHxGG28Nh,PERRO NEGRO
988,6vh4S1z08AjGipGAEsV62e,EUROPA :(
989,1C7lXfx4Y5maVl4AgUVlHA,ACHO PR
990,5ixdmTpCmH5diBA1j154wN,UN PREVIEW
991,0hL9gOw6XBWsygEUcVjxEc,HYAENA
992,1PH2MDbcBAU094DlgTIND1,THANK GOD
993,3KCNiDi9Pza6ZD8FggNoaw,MODERN JAM (feat. Teezo Touchdown)
994,4kjI1gwQZRKNDkw1nI475M,MY EYES
995,04WxWo7XeVyx22xEsrWRUb,GOD'S COUNTRY
996,7LSpFCvRZZot2AlmkUzy9k,SIRENS
997,67nepsnrcZkowTxMWigSbb,MELTDOWN (feat. Drake)
998,42VsgItocQwOQC3XWZ8JNA,FE!N (feat. Playboi Carti)
999,0OEe83mMZ5kaNw5uZQ7ilG,DELRESTO (ECHOES) (feat. Beyoncé)
1000,6wsqVwoiVH2kde4k4KKAFU,I KNOW ?
1001,0lodMO0qK83vfPiiD7FMEt,TOPIA TWINS (feat. Rob49 & 21 Savage)
1002,4GL9GMX9t7Qkprvf1YighZ,CIRCUS MAXIMUS (feat. The Weeknd & Swae Lee)
1003,2Q0aElTZQtEUsoiaQfizu6,PARASAIL (feat. Yung Lean & Dave Chappelle)
1004,0bkV1iQHSxBaksUqgEkcbc,SKITZO (feat. Young Thug)
1005,7EiUtdeoWcKqLi5ELZCjYf,LOST FOREVER (feat. Westside Gunn)
1006,0a4SMs889NwP8oWI7Vemle,LOOOVE (feat. Kid Cudi)
1007,4o82J5zr4DFEs9yj5szCVX,K-POP (feat. Bad Bunny & The Weeknd)
1008,1i9lZvlaDdWDPyXEE95aiq,TELEKINESIS (feat. SZA & Future)
1009,76gcXhY3Zv6wW0BTe9nHJo,TIL FURTHER NOTICE (feat. James Blake & 21 Savage)
1010,44IXD2J5yyr7PpOZzz2cmQ,Fear and Friday's (Poem)
1011,5pIVEk6Di7n1v5khOzJaJL,Overtime
1012,7eOuUmpnHBlg5zsm8Cs7c3,Summertime's Close
1013,00syWkRGIVQvYsg2OwfBUw,East Side of Sorrow
1014,4pCbJC43j3gSqG6Fen6upD,Hey Driver (feat. The War and Treaty)
1015,0GMiRrUnQuoGddKMsxGPIZ,Fear and Friday's
1016,1HwDRgozGBMyfJTQUfz09A,Ticking
1017,3itgPtXSu4I9mr2QD6yrzP,Holy Roller (feat. Sierra Ferrell)
1018,2pUYbyOIOSfDfsnCR3KceZ,Jake's Piano - Long Island
1019,7C1BLYzAvR0KdBpov3GpUZ,El Dorado
1020,4KULAymBBJcPRpk1yO4dOG,I Remember Everything (feat. Kacey Musgraves)
1021,3EvZ03hGAFwGZ2Ebcu86YH,Tourniquet
1022,0HEytGQM3bG1vKxER7IgVK,Spotless (feat. The Lumineers)
1023,6Otmq7JokHh38wKSqUimcS,Tradesman
1024,67aaFVnfvFWjxVQMd0jDb5,Smaller Acts
1025,4ueTr01dkL360w1knfh21C,Oklahoman Son
1026,4yjeRuoVickg1G87LWeRes,ROSA PASTEL
1027,3RA55zrRkyPK8Fd86hrMy8,LUNA
1028,6jUgruwAzfIA3HUQIO3wCR,77
1029,0xGZjxYqcNQ8WqxyeZ4eSN,RUBICON
1030,2bXJMQZSJND3UYq5mjV4cB,CARNAL
1031,0lc2neV7ZzjZExwCIVG2B3,LAS MORRAS
1032,775hCSePn3GW4h9nZ636kq,GAVILÁN II
1033,3B0swL7Qil9bB7eKzBREBK,VVS
1034,1tGGJ4SRZnd2H0E2dV05iM,SU CASA
1035,7mXuWTczZNxG5EDcjFEuJR,LADY GAGA
1036,3CEk3KwDixeCKOVPacup7L,ZAPATA
1037,0cNSq9T5l8gZnpY14rsTR2,PRC
1038,1RzjXhgnzqb3dMa5852itx,LA PEOPLE
1039,4Nf5EZ40JenjMUKXOiyRU5,NUEVA VIDA
1040,7bPp2NmpmyhLJ7zWazAXMu,TULUM
1041,3HOKxuTDmNVmIlCIpBiD8m,LAGUNAS
1042,6f8wbdo8KU5ETWJA7lapgS,BYE
1043,0F2ptTeWy3Yf7kuFMyNdSb,Northern Attitude
1044,7ibpNcYxrstM16ehN7OwbK,Stick Season
1045,11F1Tpe5da6M6vKLbUjauU,All My Love
1046,1KUINfIgNjnttphTi4imgI,She Calls Me Back
1047,2P8i4ibQlXovki9IIPPubS,Come Over
1048,1mAfZYkVfwcPuqqPJZ1Opu,New Perspective
1049,7rn89zBlXChGFTNHFZA8un,"Everywhere, Everything"
1050,4KwhK2ileXV2wSfp78pqOx,Orange Juice
1051,66wJkV0KgbGSBHkHDd8tp2,Strawberry Wine
1052,2dvEJon5AhhjLs6j8w91Hn,Growing Sideways
1053,3Vi7JrafGbqd1lwwO1EiOm,Halloween
1054,4GQTPAuWzCgF3QQG75vYE1,Homesick
1055,3GHHAffcXFz36X313sC0mU,Still
1056,51HurwUcQOP7DaGR4ORYZ3,The View Between Villages
1057,5S9hlmzNQwZuhynLfxZ8Lg,"Your Needs, My Needs"
1058,0caJ2wkqp4UmXBwdR2JvB5,Dial Drunk
1059,1dHtMSJ1Ozg2Ja6GX4McAO,Paul Revere
1060,52DudaVZObvmBgEX6IObHX,No Complaints
1061,3yn01PcU95PTbiZ3xvop2j,Call Your Mom
1062,4nHJcUtNSUVjXRnjdP29Bk,You’re Gonna Go Far
1063,5ihBtaVVMqO5VqJA5wnmfy,The View Between Villages - Extended
1064,0FA4wrjDJvJTTU8AepZTup,Watch This - ARIZONATEARS Pluggnb Remix
1065,0pTSYl7m6l4VYvf3mMi1Yd,How High?
1066,7e8ps3VqglKLsjzwMfFuxJ,Butterfly Ku
1067,5JYPXqMwYc0zTODQdjMEZN,Deli
1068,2a6sGVLwsgVLvvyLRrTgmP,In Ha Mood
1069,3PIkDjIA7MZEHkGSOmbgRW,Princess Diana (with Nicki Minaj)
1070,6NLITAVV34g1xKK43uMxRi,Princess Diana
1071,7jr6fz888xjUlsAD2tZzKR,Gangsta Boo (with Lil Tjay)
1072,0QdB2tkxPG1qMgAMwv6mRP,Actin A Smoochie
1073,0BlMeDRvAOgRjUDDLamIaO,Bikini Bottom
1074,4A8ts0wUeOYu7y11KAAPil,Munch (Feelin’ U)
1075,15fiT3hdgQs817NrcgJ3CM,On The Radar - Bonus
1076,4dtIxANFBU6CfhI9c2hf2g,Coal
1077,6GGtHZgBycCgGBUhZo81xe,Say Yes To Heaven
1078,2f5WkystuejnBzgV18GTGa,Say Yes To Heaven - Sped Up
1079,3dnP0JxCgygwQH9Gm7q7nb,Ella Baila Sola
1080,40xfJg6ZZXr3jRJkxJJZ0O,in My Garden...
1081,35SbrfbaSpGUBX7e5BPega,I Wish you Roses
1082,6V91Cctseyb8yz67YQMDw3,Worth the Wait (feat. Omar Apollo)
1083,128I36bDgYHU9l2QcgEGcd,Love Between...
1084,6TRjT37UyRUVrGg3gTlIqb,All Mine
1085,1dvqHhLNccePPBHq11TW7v,Fantasy (feat. Don Toliver)
1086,2VxQqF52M7IPkiLd4XmTNi,Como Te Quiero Yo
1087,4ipzXe2jmoeN7zm2VMb4eX,Hasta Cuando
1088,0wzCQjc8JRa39ej1TFkAFt,Endlessly
1089,5lrG8pjDvOJA8MdZB4YcfY,Moral Conscience
1090,7oeUBKNIiiYjoasR9pTiu4,Not Too Late (interlude)
1091,0PfurdlOZRYJ6pkrvHOkUh,Blue
1092,0vQffWKfl0JyRqtdoZINEM,Deserve Me (with Summer Walker)
1093,0JmnkIqdlnUzPaf8sqBRs3,Moonlight
1094,7xS1vBqvD0Otk09SCpZd8y,Happy Now
1095,7ry34dFOuoK2c5GoYWWsl3,Nostalgia
1096,1xnAVO60FwWTRa7LJPoNKG,Long Journey
1097,5W0RVQViQC7xocvAUnIs6Z,Call Your Friends
1098,59ksHIFa69pi0az2bKdu6s,HG4
1099,0wGVE3BxTW5KCjoLsNlVRB,Come See Me
1100,4RMm3bonEDyYj5aJGkaJqX,Crazy
1101,694k4TfDqOqmhebj79li54,Love For A Thug
1102,0qa1qa4OCFCfgiNYLjMzCH,Checkmate
1103,4aA7Lrm6rLGHx5kRMVb7NU,Fight The Feeling
1104,3kfhS2L56Wj8fBcu7xE47H,Turks & Caicos (feat. 21 Savage)
1105,2z2gqgwu1GCurpZJYzcytE,Boyz Don't Cry
1106,7AFApnZCpYBlq2R2lpVfUb,Pass You By
1107,4M68xjcc42oxyphhzpOWXS,Great Gatsby
1108,2mexnPoWLPhuA6yocViyge,Keep It G
1109,0wI9sEQbz9LlI7P1NDutmU,Love Story/Interlude
1110,6fDRECyrduLIU9HwbpsRR2,Rap Beef
1111,10QtceSp0oOi9AfEymzTRG,Back Lit
1112,1VSJTVzLy3NfHQB6DpjKk9,2018
1113,4WUepByoeqcedHoYhSNHRt,Welcome To New York (Taylor's Version)
1114,0108kcWLnn2HlH2kedi1gn,Blank Space (Taylor's Version)
1115,3Vpk1hfMAQme8VJ0SNRSkd,Style (Taylor's Version)
1116,1OcSfkeCg9hRC2sFKB4IMJ,Out Of The Woods (Taylor's Version)
1117,2k0ZEeAqzvYMcx9Qt5aClQ,All You Had To Do Was Stay (Taylor's Version)
1118,50yNTF0Od55qnHLxYsA5Pw,Shake It Off (Taylor's Version)
1119,3FxJDucHWdw6caWTKO5b23,I Wish You Would (Taylor's Version)
1120,7oZONwFiFIErZcXAtTu7FY,Bad Blood (Taylor's Version)
1121,27exgla7YBw9DUNNcTIpjy,Wildest Dreams (Taylor's Version)
1122,733OhaXQIHY7BKtY3vnSkn,How You Get The Girl (Taylor's Version)
1123,4WBEj8TeGtRPNJdOmT3WJW,This Love (Taylor’s Version)
1124,1ULabO0PEsdJekqVH6G10G,I Know Places (Taylor's Version)
1125,0lKUBmEyQfzsQHozyeXzES,Clean (Taylor's Version)
1126,6HRsJu8vcnzYDN4t0570FY,Wonderland (Taylor's Version)
1127,0TyGh27YQ5LknmiDhCzJiT,You Are In Love (Taylor's Version)
1128,5M787RexsAiVYjQusM98CV,New Romantics (Taylor's Version)
1129,0CD7DzeCsuPJygddqlUVYa,"""Slut!"" (Taylor's Version) (From The Vault)"
1130,3CCRVu4F91Qp2mnGjmWBrf,Say Don't Go (Taylor's Version) (From The Vault)
1131,5QUIK7ZtziW8kGWo8RqopF,Now That We Don't Talk (Taylor's Version) (From The Vault)
1132,6M9ppdfFjR1AbpUl3Y8DcV,Suburban Legends (Taylor's Version) (From The Vault)
1133,6IG3sQ8s9nfk6TUlVzRhbN,Is It Over Now? (Taylor's Version) (From The Vault)
1134,6qAcApH8obo8eqatCKUHd9,Bad Blood (feat. Kendrick Lamar) (Taylor's Version)
1135,1aLpfH1M7Y4ZngOmSiHk0l,ON THE RIVER
1136,2Gk6fi0dqt91NKvlzGsmm7,SAY MY GRACE (feat. Travis Scott)
1137,7kp6XhIxrvNb8BgTwLjaEx,WORTH IT (feat. Don Toliver)
1138,6Qc90FMwNUjJ2M893RdYUg,BROAD DAY (feat. Future)
1139,41JN30LlL093JqC2YUJ0IW,FAN
1140,5YoRDtZRUMiPX9cZDyOFVk,FREAKY (feat. Cardi B)
1141,6Ez0uo35BcJ7TaknGDnH5v,HOP OUT THE VAN
1142,0MSTxF501TyzjuRTHZz46g,DON'T YOU LIE
1143,0FyRrCNUbl5Gy5HOuJW0aX,I'M ON
1144,28wtiGfwWVdxbZDW52S3kz,BIG DAWG
1145,0mEgIH5sUXjZicMa4NSkUe,NIGHT VISION
1146,1bEwAeGJvobpPDTkw1mnb3,SKYAMI (feat. Mango Foo)
1147,6JY5hYyFzwVIVn0fVJW34Z,DISSOLVE
1148,4HOHEBhH4uUkEGbR1WzlPf,FINE AS CAN BE (feat. Latto)
1149,5Kx2kHbdbzEdYZvR0SDpHn,BUSS MY WATCH
1150,1lLl9Wu4ULpHaLYypCwoi9,DOPE BOY (feat. Young Nudy)
1151,6ImlaH0w77rWxihtFnmov7,PRINCESS CUT (feat. Chlöe)
1152,52lJC8UndX32dECyJlRGSJ,JEALOUSY (feat. Cardi B)
1153,1IbxylXUqdrkToPnGoUUQV,BLAME IT ON SET
1154,3SyOChRIw8KvTi5CF1JDNg,UPSIDE DOWN
1155,4rDR1MYsSGc95Jz3cmE7l4,HEALTHY
1156,1BAU6v0fuAV914qMUEESR1,Born With A Beer In My Hand
1157,7K3BhSpAxZBznislvUMVtn,Last Night
1158,03fs6oV5JAlbytRYf3371S,Everything I Love
1159,73zawW1ttszLRgT9By826D,Man Made A Bar (feat. Eric Church)
1160,2PsbT927UanvyH9VprlNOu,Devil Don’t Know
1161,1rXq0uoV4KTgRN64jXzIxo,One Thing At A Time
1162,3oZ6dlSfCE9gZ55MGPJctc,’98 Braves
1163,2YVlDlk2zRceefo6XlC6DX,Ain’t That Some
1164,7phmBo7bB9I9YifAXqnlqV,I Wrote The Book
1165,5NzfnUyVaNrxa2VtoyBWlR,Tennessee Numbers
1166,2Ej3iV0nulryy9S3UQvjSx,Hope That’s True
1167,2ewSCWOL7EAjgmgqfI1UlS,Whiskey Friends
1168,0JtgoDDf0ggWaoXCGhcOoT,Sunrise
1169,1vcJdUJDM2NVXBsGncmLyh,Keith Whitley
1170,2aw1aEAxMe05MZIS5XiK8U,In The Bible (feat. HARDY)
1171,5W4kiM2cUYBJXKRudNyxjW,You Proof
1172,3Qu3Zh4WTKhP9GEXo0aDnb,Thought You Should Know
1173,77kye8TttXpEbvgoiVjZdo,F150-50
1174,1GiwvmI57OTGcKGNigZFJb,Neon Star (Country Boy Lullaby)
1175,7u2iWRkkz8GBYFe4apxVBl,I Deserve A Drink
1176,0oPRfdP48RM4bd3xBFyiRo,Wine Into Water
1177,68eDGmSTQgxJde9JTG7b71,Me + All Your Reasons
1178,7ya4zrCKDslIfrztqglRIP,Tennessee Fan
1179,09UUDUFaudMcUkocm2iqR8,Money On Me
1180,0PAcdVzhPO4gq1Iym9ESnK,Thinkin’ Bout Me
1181,12BjylmI6NS7ydikIzbuD0,Single Than She Was
1182,4FhxN8PTyjkBVfwlCnr9Om,Days That End In Why
1183,3NsqLy0x8l9VyNfOHQTNHs,Last Drive Down Main
1184,3CqT9ajcy6pY7TonEPiV4H,Me To Me
1185,77qpDGhjN7Hdp12JkPpHvY,Don't Think Jesus
1186,4Q6LSSmQwn94hioXfvzdbU,180 (Lifestyle)
1187,5sUjBX08aJ1XdMw7p2SXgq,Had It
1188,7fveJ3pk1eSfxBdVkzdXZ0,Cowgirls (feat. ERNEST)
1189,5LisHkYlpdkqNYl1HZ5cKd,Good Girl Gone Missin’
1190,3uKJ1sSJXGLCMItH0YNPkh,Outlook
1191,4kvjThnfQIsPOKjxx0aZDu,Dying Man
1192,6rdkCkjk6D12xRpdMXy0I2,New Jeans
1193,5sdQOyqq2IDhvmx2lHOpwd,Super Shy
1194,1WTdZjiHI4vYnENXLn69x0,Are You Gone Already
1195,1fKT7RUtOf4xNEqctEFe5L,Barbie Dangerous
1196,1a73gcEg6h6Re6hHXoVltJ,FTCU
1197,5iHC401tsNlJRY46ECSYbo,Beep Beep
1198,7aWeQwHSMD6TzPOepi1tlb,Fallin 4 U
1199,44gmXwbdHjwQsQvsiraj14,Let Me Calm Down (feat. J. Cole)
1200,4DNmr6nXrvHLRh6oxOHNsz,RNB (feat. Lil Wayne & Tate Kobang)
1201,70M5FBXSs1b1tJF2zywHyP,Pink Birthday
1202,4I4G0LD277PWvfblYtSf91,Needle (feat. Drake)
1203,15wos7ChIkysPIrX31hwwa,Cowgirl (feat. Lourdiz)
1204,5ZJGv7aGdIr9IGpxzSG18T,Everybody (feat. Lil Uzi Vert)
1205,0ZhPWSfAKzeVQbRG08E1iI,Big Difference
1206,3fhvnn5xALwA2htzljsU1v,Red Ruby Da Sleeze
1207,0llFq02Nqzra7ZRfSjBxan,Forward From Trini (feat. Skillibeng & Skeng)
1208,44L2bY93uD65CEHWbozpx4,Pink Friday Girls
1209,2uHn71ZwsodBen5QUUDqHw,Super Freaky Girl
1210,2pwC49pIHyJKmbhlGa3lqL,Bahm Bahm
1211,1EykqsKCk0TNTTsqXrqGVy,My Life
1212,0EUi22tHkqKsZqohlRemto,Nicki Hendrix (feat. Future)
1213,0USJzZsIiPDbr6ZXgXik7B,Blessings (feat. Tasha Cobbs Leonard)
1214,1vj6nXzAFkfHLf9lkojNwu,Last Time I Saw You
1215,6vIIl0y2h9QICr8J15O16L,Just The Memories
1216,7MSWxMumjz6lHj7oRApNbg,White Horse
1217,4ZnkygoWLzcGbQYCm3lkae,Rush
1218,0sYM4OmgrRYaHq6DV7obq1,What's The Time Where You Are?
1219,5Eh1nj7IjV9lwpcKAkidyY,One Of Your Girls
1220,7lhAowB1rRlp1UfVkHqpD2,In My Room
1221,6r8Xk7Fldj4GR4r0fVBH42,Still Got It
1222,6fNyEK8kTquBSUTHbqbfaK,"Can't Go Back, Baby"
1223,31MNHKE86sEXzIglbGQ6mu,Got Me Started
1224,0Brx9I3vh7Po30gxsTtLz5,Silly
1225,0GMZYC6lcrpnwjDiEtDO8i,Honey
1226,6P7b7UciZ4Q4sbujF4QcrO,How To Stay With You
1227,6AQbmUe0Qwf5PZnt4HmTXv,Boy's a liar Pt. 2
1228,3QUbaXCfksmF19lW32BQE0,Boy's a Liar
1229,1WTdZjiHI4vYnENXLn69x0,Are You Gone Already
1230,1fKT7RUtOf4xNEqctEFe5L,Barbie Dangerous
1231,1a73gcEg6h6Re6hHXoVltJ,FTCU
1232,5iHC401tsNlJRY46ECSYbo,Beep Beep
1233,7aWeQwHSMD6TzPOepi1tlb,Fallin 4 U
1234,44gmXwbdHjwQsQvsiraj14,Let Me Calm Down (feat. J. Cole)
1235,4DNmr6nXrvHLRh6oxOHNsz,RNB (feat. Lil Wayne & Tate Kobang)
1236,70M5FBXSs1b1tJF2zywHyP,Pink Birthday
1237,4I4G0LD277PWvfblYtSf91,Needle (feat. Drake)
1238,15wos7ChIkysPIrX31hwwa,Cowgirl (feat. Lourdiz)
1239,5ZJGv7aGdIr9IGpxzSG18T,Everybody (feat. Lil Uzi Vert)
1240,0ZhPWSfAKzeVQbRG08E1iI,Big Difference
1241,3fhvnn5xALwA2htzljsU1v,Red Ruby Da Sleeze
1242,0llFq02Nqzra7ZRfSjBxan,Forward From Trini (feat. Skillibeng & Skeng)
1243,44L2bY93uD65CEHWbozpx4,Pink Friday Girls
1244,2uHn71ZwsodBen5QUUDqHw,Super Freaky Girl
1245,2pwC49pIHyJKmbhlGa3lqL,Bahm Bahm
1246,1EykqsKCk0TNTTsqXrqGVy,My Life
1247,0EUi22tHkqKsZqohlRemto,Nicki Hendrix (feat. Future)
1248,0USJzZsIiPDbr6ZXgXik7B,Blessings (feat. Tasha Cobbs Leonard)
1249,1vj6nXzAFkfHLf9lkojNwu,Last Time I Saw You
1250,6vIIl0y2h9QICr8J15O16L,Just The Memories
1251,58BWnoFDNaeM0vwA0K3fqb,Like Crazy
1252,6EY9e6LyPWmL8hUS5E1P0h,Like Crazy (English Version)
1253,6D90VTeGEWYX5AkAtjHZh1,Like Crazy (Deep House Remix)
1254,5tDxLjAnkojfnXnjOk6mvh,Like Crazy (UK Garage Remix)
1255,0cxhv3PpIkmREXqobuB0zG,Like Crazy (Instrumental)
1256,56y1jOTK0XSvJzVv9vHQBK,Paint The Town Red
1257,2XkuWK1lXOPkxdWdM78Q0l,Demons
1258,7KaIFFdq8KgBcDDvdgTrIZ,Wet Vagina
1259,3ivDcNoh6EpYIVzfG2Esht,Fuck The Girls (FTG)
1260,0qmCk0qi44SBvugoXwwsnc,Ouchies
1261,6geHIF8dr4TmicWdFASykz,97
1262,23nW05dyMpuazGsFxdqBjB,Gun
1263,1WTWw1x7km3FClMaQ5lwSM,Go Off
1264,5PyDJG7SQRgWXefgexqIge,Agora Hills
1265,6Op8uyzVH11oJGcCK8yyEn,Can't Wait
1266,6i2EaF3PqU7261wFAP6crK,Often
1267,3OKUCSWCGg0unZ6e340RWj,Love Life
1268,1MONYn8QsPPINNSNRfzP88,Skull And Bones
1269,5d8qCmymrrCaRlDk3YPgNl,Attention
1270,5X0oBRsjUtEO99z6MmmIZ8,Balut
1271,3FX7BftvAfyeyPBjxO9t7f,beer
1272,2D3JfPyY2LkzXgNOb7qziR,red (feat. Morgan Wallen)
1273,49GYvCcvMQq1SY3f7Y347h,wait in the truck (feat. Lainey Wilson)
1274,4zc7LfkQFS3nK0CleZMeeZ,drink one for me
1275,4I96QtrBQ9TxbJcpWnONqO,i in country
1276,6sCHcwmUCsVyMdLgm9b1IU,screen
1277,3tSmTelJM5NTGjPC1lTCDo,happy
1278,0FClgI7rA3fj7iFk12anlh,here lies country music
1279,2jPsJqh8rKS1HwHsda7D7G,the mockingbird & THE CROW
1280,4D4d3N9nuPnvNg3ZAICWTN,SOLD OUT
1281,4q4ITrTmB4LyoNw9yjb2Ic,JACK
1282,103u49mLoJUge83B1CnLxI,TRUCK BED
1283,73GyOpmUluAOb2yUVbuTkp,.30-06
1284,0RI2PWj7erLkPnA11N3Vn9,I AIN'T IN THE COUNTRY NO MORE
1285,5DBjfRTOu395Fr5o7RTA0H,RADIO SONG (feat. Jeremy McKinnon)
1286,1FnSWe4ZCQcSugK1HXRvND,KILL SH!T TILL I DIE
1287,2k3AOEQClKDZypegja6pKF,THE REDNECK SONG
1288,34sOdxWu9FljH84UXdRwu1,all-american bitch
1289,3IX0yuEVvDbnqUwMBB3ouC,bad idea right?
1290,1kuGVB7EU95pJObxwvfwKS,vampire
1291,6QT6j7rKt7Vk3IuV2AUO9W,lacy
1292,5sp71CUt0jXRNqHblPGp7b,ballad of a homeschooled girl
1293,5CscrLqFBgPfZR8fGtikov,making the bed
1294,53dtP2iUMvaF28JZcHnFuU,logical
1295,2gyxAWHebV7xPYVxqoi86f,get him back!
1296,26QLJMK8G0M06sk7h7Fkse,love is embarrassing
1297,3Nl5OkkmS5DaBZvuYofpAt,the grudge
1298,6W9l02gRsXVxzIuQC1oc1X,pretty isn’t pretty
1299,7fesNTgTEMEH0ye8MOgEDY,teenage dream
1300,1fvC3CmNAbsx0V9ULMU8NB,Sarah's Place (feat. Noah Kahan)
1301,76kelNDs1ojicx1s6Urvck,NO SE VA - EN VIVO
1302,2yzshFeBIwH8tWIqHEFLeD,un x100to
1303,1EKZmfqveHKe78Isfk07w4,EN ALTAVOZ
1304,3Dp4oOTPnfcRhy8bnXl0RP,CANSADO DE SUFRIR
1305,6VMPXmoOp6cOqevqRW2XGL,LAS FLORES
1306,49Zc3sEJHADPoVDM4jNKgs,DE LUNES A LUNES
1307,3asg0JPGx2OKqor5jhZXT8,ME GUSTAS
1308,0O3U5iwTbiXCREMkvotJuN,EL AMOR DE SU VIDA
1309,0KQ4DeYVWAoIDDGGxHEKQo,CUÍDALA
1310,5HR7yfhSCeoOHRQN05XnZQ,QUE VUELVAS
1311,41sTEjHxztd0AwF7Dn0HJe,LE VA DOLER
1312,11PV8CaPqlto9Uejx92C35,OJITOS ROJOS
1313,2M3GwgWQ2Z0swHkap5gWCm,PLAYA SATURNO INTRO
1314,4OVHxReloGwGriqVFF2M79,CUANDO BAJE EL SOL
1315,110wwp2SRousmXjvx8zIoI,AL CALLAO'
1316,3tYDYSZU2Wn7zudbFEJeko,CUKI
1317,2BuCjLttbLSiPx8sJKBt9b,NO ME LA MOLESTE
1318,05OnZaYopHpb0z7ktT2FIF,PICARDÍA
1319,1cNJ9ODOJF8b6AjhzoYdkv,PONTE NASTY
1320,4TL3dMZzEQZxVyZTfeRlav,INQUIETO
1321,2jMt8GoQ4RGxAIMvWJyWeL,HOY AQUÍ
1322,4KrNCWx08dZr11kGIUHuuX,CELEBRANDO
1323,0s5FgdxYJm0tB68OICOglY,NO ME SORPRENDE
1324,2kz1YOhJiNubjigR1gB1VX,DILUVIO
1325,7kyLtcgYgQPrXkxtAb72iY,SI TE PEGAS
1326,21N77gfWYoQDvrLvaeiQgi,BABY HELLO
1327,4yjeRuoVickg1G87LWeRes,ROSA PASTEL
1328,3RA55zrRkyPK8Fd86hrMy8,LUNA
1329,6jUgruwAzfIA3HUQIO3wCR,77
1330,0xGZjxYqcNQ8WqxyeZ4eSN,RUBICON
1331,2bXJMQZSJND3UYq5mjV4cB,CARNAL
1332,0lc2neV7ZzjZExwCIVG2B3,LAS MORRAS
1333,775hCSePn3GW4h9nZ636kq,GAVILÁN II
1334,3B0swL7Qil9bB7eKzBREBK,VVS
1335,1tGGJ4SRZnd2H0E2dV05iM,SU CASA
1336,7mXuWTczZNxG5EDcjFEuJR,LADY GAGA
1337,3CEk3KwDixeCKOVPacup7L,ZAPATA
1338,0cNSq9T5l8gZnpY14rsTR2,PRC
1339,1RzjXhgnzqb3dMa5852itx,LA PEOPLE
1340,4Nf5EZ40JenjMUKXOiyRU5,NUEVA VIDA
1341,7bPp2NmpmyhLJ7zWazAXMu,TULUM
1342,3HOKxuTDmNVmIlCIpBiD8m,LAGUNAS
1343,6f8wbdo8KU5ETWJA7lapgS,BYE
1344,1BAU6v0fuAV914qMUEESR1,Born With A Beer In My Hand
1345,7K3BhSpAxZBznislvUMVtn,Last Night
1346,03fs6oV5JAlbytRYf3371S,Everything I Love
1347,73zawW1ttszLRgT9By826D,Man Made A Bar (feat. Eric Church)
1348,2PsbT927UanvyH9VprlNOu,Devil Don’t Know
1349,1rXq0uoV4KTgRN64jXzIxo,One Thing At A Time
1350,3oZ6dlSfCE9gZ55MGPJctc,’98 Braves
1351,2YVlDlk2zRceefo6XlC6DX,Ain’t That Some
1352,7phmBo7bB9I9YifAXqnlqV,I Wrote The Book
1353,5NzfnUyVaNrxa2VtoyBWlR,Tennessee Numbers
1354,2Ej3iV0nulryy9S3UQvjSx,Hope That’s True
1355,2ewSCWOL7EAjgmgqfI1UlS,Whiskey Friends
1356,0JtgoDDf0ggWaoXCGhcOoT,Sunrise
1357,1vcJdUJDM2NVXBsGncmLyh,Keith Whitley
1358,2aw1aEAxMe05MZIS5XiK8U,In The Bible (feat. HARDY)
1359,5W4kiM2cUYBJXKRudNyxjW,You Proof
1360,3Qu3Zh4WTKhP9GEXo0aDnb,Thought You Should Know
1361,77kye8TttXpEbvgoiVjZdo,F150-50
1362,1GiwvmI57OTGcKGNigZFJb,Neon Star (Country Boy Lullaby)
1363,7u2iWRkkz8GBYFe4apxVBl,I Deserve A Drink
1364,0oPRfdP48RM4bd3xBFyiRo,Wine Into Water
1365,68eDGmSTQgxJde9JTG7b71,Me + All Your Reasons
1366,7ya4zrCKDslIfrztqglRIP,Tennessee Fan
1367,09UUDUFaudMcUkocm2iqR8,Money On Me
1368,0PAcdVzhPO4gq1Iym9ESnK,Thinkin’ Bout Me
1369,12BjylmI6NS7ydikIzbuD0,Single Than She Was
1370,4FhxN8PTyjkBVfwlCnr9Om,Days That End In Why
1371,3NsqLy0x8l9VyNfOHQTNHs,Last Drive Down Main
1372,3CqT9ajcy6pY7TonEPiV4H,Me To Me
1373,77qpDGhjN7Hdp12JkPpHvY,Don't Think Jesus
1374,4Q6LSSmQwn94hioXfvzdbU,180 (Lifestyle)
1375,5sUjBX08aJ1XdMw7p2SXgq,Had It
1376,7fveJ3pk1eSfxBdVkzdXZ0,Cowgirls (feat. ERNEST)
1377,5LisHkYlpdkqNYl1HZ5cKd,Good Girl Gone Missin’
1378,3uKJ1sSJXGLCMItH0YNPkh,Outlook
1379,4kvjThnfQIsPOKjxx0aZDu,Dying Man
1380,2JVHzNBq01Mf4pmSDagtPA,Quien Es El?
1381,2lqHosXoRrzxh42th6Mi7a,Quedate Conmigo
1382,5hYP1GgVxJ1a6kdoUCPTP6,Dame Otro Beso
1383,6X5WZbJzXtk6aO03HlxuZ9,Así Lo Quiso Dios
1384,79A1VwJknwHTh2105djsQm,Termine Sufriendo
1385,3qQbCzHBycnDpGskqOWY0E,Ella Baila Sola
1386,3yFKnvGcp6DqmXgYR7QW2I,Tomando Tequila
1387,2ReB2tmjOVjgwk4AkCfsvI,Llamarte o Bloquearte
1388,2iiarV0IrDCeys8aeAWRMp,Vamos Contra El Mundo
1389,4F6gv9MgsuWt7j2GXhWzSd,Mejor Acabar
1390,3IBD4k04mnCYJ3R7iKDGN6,Nunca Es Suficiente
1391,3pyRKwok4VX601iNJTPgNl,Me Decepcionaste
1392,1j3x2093C2hrzskvPNEeyu,Gracias a Ti
1393,19vV1i1AluuK7mQcJmM5GZ,Hermosura de Mujer
1394,3v49kNoo2LghkvV3Oi6PHk,Valió Madre
1395,1hobY9dv6oCaInWn5JquVj,Perdón Jefa
1396,34sOdxWu9FljH84UXdRwu1,all-american bitch
1397,3IX0yuEVvDbnqUwMBB3ouC,bad idea right?
1398,1kuGVB7EU95pJObxwvfwKS,vampire
1399,6QT6j7rKt7Vk3IuV2AUO9W,lacy
1400,5sp71CUt0jXRNqHblPGp7b,ballad of a homeschooled girl
1401,5CscrLqFBgPfZR8fGtikov,making the bed
1402,53dtP2iUMvaF28JZcHnFuU,logical
1403,2gyxAWHebV7xPYVxqoi86f,get him back!
1404,26QLJMK8G0M06sk7h7Fkse,love is embarrassing
1405,3Nl5OkkmS5DaBZvuYofpAt,the grudge
1406,6W9l02gRsXVxzIuQC1oc1X,pretty isn’t pretty
1407,7fesNTgTEMEH0ye8MOgEDY,teenage dream
1408,0F2ptTeWy3Yf7kuFMyNdSb,Northern Attitude
1409,7ibpNcYxrstM16ehN7OwbK,Stick Season
1410,11F1Tpe5da6M6vKLbUjauU,All My Love
1411,1KUINfIgNjnttphTi4imgI,She Calls Me Back
1412,2P8i4ibQlXovki9IIPPubS,Come Over
1413,1mAfZYkVfwcPuqqPJZ1Opu,New Perspective
1414,7rn89zBlXChGFTNHFZA8un,"Everywhere, Everything"
1415,4KwhK2ileXV2wSfp78pqOx,Orange Juice
1416,66wJkV0KgbGSBHkHDd8tp2,Strawberry Wine
1417,2dvEJon5AhhjLs6j8w91Hn,Growing Sideways
1418,3Vi7JrafGbqd1lwwO1EiOm,Halloween
1419,4GQTPAuWzCgF3QQG75vYE1,Homesick
1420,3GHHAffcXFz36X313sC0mU,Still
1421,51HurwUcQOP7DaGR4ORYZ3,The View Between Villages
1422,5S9hlmzNQwZuhynLfxZ8Lg,"Your Needs, My Needs"
1423,0caJ2wkqp4UmXBwdR2JvB5,Dial Drunk
1424,1dHtMSJ1Ozg2Ja6GX4McAO,Paul Revere
1425,52DudaVZObvmBgEX6IObHX,No Complaints
1426,3yn01PcU95PTbiZ3xvop2j,Call Your Mom
1427,4nHJcUtNSUVjXRnjdP29Bk,You’re Gonna Go Far
1428,5ihBtaVVMqO5VqJA5wnmfy,The View Between Villages - Extended
1429,1hR8BSuEqPCCZfv93zzzz9,Welcome To New York (Taylor's Version)
1430,45wMBGri1PORPjM9PwFfrS,Blank Space (Taylor's Version)
1431,1hjRhYpWyqDpPahmSlUTlc,Style (Taylor's Version)
1432,045ZeOHPIzhxxsm8bq5kyE,Out Of The Woods (Taylor's Version)
1433,6GXgd1BPD9bUpqw5AntGV5,All You Had To Do Was Stay (Taylor's Version)
1434,3pv7Q5v2dpdefwdWIvE7yH,Shake It Off (Taylor's Version)
1435,43y1WpBdnEy5TR9aZoSQL9,I Wish You Would (Taylor's Version)
1436,64FzgoLZ3oXu2SriZblHic,Bad Blood (Taylor's Version)
1437,1K39ty6o1sHwwlZwO6a7wK,Wildest Dreams (Taylor's Version)
1438,75W3SngKzTuoQ94uLf3y82,How You Get The Girl (Taylor's Version)
1439,5QVVjX0ZItqlVpEuVCM9Yg,This Love (Taylor’s Version)
1440,2f0GI2ZLUtbGqFx8t2Gk6A,I Know Places (Taylor's Version)
1441,2ByBBvpR9b7IynvRmnG7kG,Clean (Taylor's Version)
1442,2ve0kuaWUCt4Zx8x4bf1MR,Wonderland (Taylor's Version)
1443,4UwqOWDpdeIDVQDuKT6iza,You Are In Love (Taylor's Version)
1444,2vPMoMDXxu9uX1igWZmXSG,New Romantics (Taylor's Version)
1445,71BqAINEnezjQfxE4VuJfq,"""Slut!"" (Taylor's Version) (From The Vault)"
1446,4NioO5R9sHEZh4cGzMHyNt,Say Don't Go (Taylor's Version) (From The Vault)
1447,5KD6AEm19QnMbfWpfoOHMl,Now That We Don't Talk (Taylor's Version) (From The Vault)
1448,6T0sEnqjmHISIKwFETeeiP,Suburban Legends (Taylor's Version) (From The Vault)
1449,1Iq8oo9XkmmvCQiGOfORiz,Is It Over Now? (Taylor's Version) (From The Vault)
1450,3KbOflJ5JqHWtmco4PiO3h,The Grants
1451,0HEzuLLojblUOaUSdmJ9gl,Did you know that there's a tunnel under Ocean Blvd
1452,6x8g6DxglrzCSwKhv2Q1ee,Sweet
1453,5nW4z3pfZgJAJ2QTCz9AIE,A&W
1454,4fFqFgMDP9lY8tqEoArFGq,Judah Smith Interlude
1455,3MlEryrxCKZkcfX18ZLX96,Candy Necklace (feat. Jon Batiste)
1456,2JFVBojvTHpSZLoyowuZys,Jon Batiste Interlude
1457,4VL310GGX3b2ixL3sV0Je8,Kintsugi
1458,1BUckPDAi8NYfLN7EiQcQA,Fingertips
1459,0Oqxt6JixieLHbwMfnJGWO,"Paris, Texas (feat. SYML)"
1460,55LnC7VuUvayQ3fW0CvDL6,Grandfather please stand on the shoulders of my father while he's deep-sea fishing (feat. RIOPY)
1461,4qG7hWhljsqqENL5PaLA2z,Let The Light In (feat. Father John Misty)
1462,1o82DwNisONAd2mu1RcGE6,Margaret (feat. Bleachers)
1463,4Cg9XRHLP3s5ZiQaIdL4zW,Fishtail
1464,2Rlso2ZNV0PaWwUYeeBYxx,Peppers (feat. Tommy Genesis)
1465,79wgotDiVZml9PiTtNtYBA,Taco Truck x VB
1466,7G0gBu6nLdhFDPRLc0HdDG,Mine (Taylor's Version)
1467,3MytWN8L7shNYzGl4tAKRp,Sparks Fly (Taylor’s Version)
1468,79uDOz0zuuWS7HWxzMmTa2,Back To December (Taylor's Version)
1469,5xXqyjLicvEpch72qEryFT,Speak Now (Taylor's Version)
1470,1zU8j1x3yi9xalMF96pzKp,Dear John (Taylor's Version)
1471,30Y4CV7A6YqtQtTTo7Ue4j,Mean (Taylor's Version)
1472,6dTA6y0C2ReQklntzZl8l3,The Story Of Us (Taylor's Version)
1473,2EFZ9emtKWEglWUQGEQ3P9,Never Grow Up (Taylor's Version)
1474,3sW3oSbzsfecv9XoUdGs7h,Enchanted (Taylor's Version)
1475,0NwGC0v03ysCYINtg6ns58,Better Than Revenge (Taylor's Version)
1476,12nBPF4Rh4XLFJV0YLN7uj,Innocent (Taylor's Version)
1477,4tMzIAFTFdqGBQLdfbPces,Haunted (Taylor's Version)
1478,59KOoHFcw5XfICnO57holu,Last Kiss (Taylor's Version)
1479,4hqJ4bSlYJOXb6Z4SRmzxs,Long Live (Taylor's Version)
1480,3yNJkriPzWjkkDAWHIAVUq,Ours (Taylor’s Version)
1481,4evLyY5Ue1Wesc61t2KXAU,Superman (Taylor’s Version)
1482,4e3ZNTAV6PCrdYMUrUlMpQ,Electric Touch (feat. Fall Out Boy) (Taylor’s Version) (From The Vault)
1483,0zo975x58DlXbZllWvfYhg,When Emma Falls in Love (Taylor’s Version) (From The Vault)
1484,5kHMfzgLZP95O9NBy0ku4v,I Can See You (Taylor’s Version) (From The Vault)
1485,4ABYxlb92WBIjHu7TIKmml,Castles Crumbling (feat. Hayley Williams) (Taylor’s Version) (From The Vault)
1486,4s8BIKx4Zh6ryAEz8RTlaU,Foolish One (Taylor’s Version) (From The Vault)
1487,1HCdems7PQZRj42QDWLA0A,Timeless (Taylor’s Version) (From The Vault)
1488,5Avril3IZ26DPVFHbJX8o6,Seven (feat. Latto) (Clean Ver.)
1489,7x9aauaA9cu6tyfpHnqDLo,Seven (feat. Latto) (Explicit Ver.)
1490,2D9mO7arRSeHAEHNVAacaA,Seven (feat. Latto) (Instrumental)
1491,2byJqu4cw657Y7G6nFogkG,cut my hair
1492,4kfSXPK13aXkLzuz02hCSC,greedy
1493,51hyZpbJlIgZIaX3TtMxmu,run for the hills
1494,4mFcwFOlSCxp6hjemRXwpd,hurt my feelings
1495,6jDT7DB6k0psPX0nWNDI1K,grave
1496,2zScQCfO2BKtR0Yk8dtELN,stay done
1497,4E63weMCaNZuGPEFMnuEi8,exes
1498,0tFRxPQHvAUMTbWYRJUo8R,we're not alike
1499,01BDK4Skxzh5mqnTbQzWGy,calgary
1500,53H3ajzHjI5M9ZeewvRO3h,messier
1501,44c9MsAwxoAdAYpCVRBAG1,think later
1502,2wIcebwzceIwgonsDICx6P,guilty conscience
1503,5BLxf0dPOTKMFFgUEp8M6T,want that too
1504,7Moee27EB8Qc4pNTzB870r,plastic palm trees
1505,5w40ZYhbBMAlHYNDaVJIUu,Chemical
1506,17cia5k4BpGVlyEfqrFH50,Can’t Catch Me Now - from The Hunger Games: The Ballad of Songbirds & Snakes
1507,6X0F53XRWhmVKAaQsnuRDL,The Hanging Tree - from The Hunger Games: The Ballad of Songbirds & Snakes
1508,4hoqP9dIAu2Nk6u5LvxOR4,Wool - from The Hunger Games: The Ballad of Songbirds & Snakes
1509,4zZs83phyqo6RLBD4PoHJv,Nothing You Can Take From Me - from The Hunger Games: The Ballad of Songbirds & Snakes
1510,57mPJPpQCVS7bisURsmrJZ,The Garden - from The Hunger Games: The Ballad of Songbirds & Snakes
1511,0Ac9NKZTvLPMQN36oWHf5C,The Ballad of Lucy Gray Baird - from The Hunger Games: The Ballad of Songbirds & Snakes
1512,147jTPnoWjZnbF6r7NFnsI,Bury Me Beneath The Willow - from The Hunger Games: The Ballad of Songbirds & Snakes
1513,6Mbgtn1ZjgS1upiV2ghB9y,The Old Therebefore / Singing at Snakes - from The Hunger Games: The Ballad of Songbirds & Snakes
1514,1wB4su0ngpr8Rnh96So3vJ,Burn Me Once - from The Hunger Games: The Ballad of Songbirds & Snakes
1515,2EDNrd2VrdEluhD66ii9Qd,District 12 Stomp - from The Hunger Games: The Ballad of Songbirds & Snakes
1516,4ck5SWSXlSUVHhYjq9Cb8L,Nothing You Can Take From Me (Boot-Stompin' Version) - from The Hunger Games: The Ballad of Songbirds & Snakes
1517,0AHQvy0hsEV1CqK9hzzGiu,Cabin Song - from The Hunger Games: The Ballad of Songbirds & Snakes
1518,7kivFYvFfz2LY9enQLbGP1,Lucy Gray (part 1) - from The Hunger Games: The Ballad of Songbirds & Snakes
1519,6yQwizH2mspw25bW6UuccH,Pure As The Driven Snow - from The Hunger Games: The Ballad of Songbirds & Snakes
1520,7vN6yDVTOphQUXJ1leQgPB,Winter's Come and Gone - from The Hunger Games: The Ballad of Songbirds & Snakes
1521,1XMTwgJ7zlwHKNN9SSI5ez,Keep On The Sunny Side - from The Hunger Games: The Ballad of Songbirds & Snakes
1522,6BrXsD5xP0yFd3OXncAPfM,Lucy Gray (part 2) - from The Hunger Games: The Ballad of Songbirds & Snakes
1523,1JgknGBbrfmEHeOZH051SS,ecstacy (slowed)
1524,6otePxalBK8AVa20xhZYVQ,MIENTRAS ME CURO DEL CORA
1525,4NoOME4Dhf4xgxbHDT7VGe,X SI VOLVEMOS
1526,1dw7qShk971xMD6r6mA4VN,PERO TÚ
1527,7eTv2OTr3aY5iKtFdBusoA,BESTIES
1528,3CNbrXrUrEARw8zeKNCdYo,GUCCI LOS PAÑOS
1529,0DWdj2oZMBFSzRsi2Cvfzf,TQG
1530,3gOI5aQD4mOMLsP3aWrkon,TUS GAFITAS
1531,5yAIrkplUEpMNeojW8Q30o,OJOS FERRARI
1532,6KCvMsAiL6WseKEFsWoPgc,MERCURIO
1533,6Vn1vje8yMw2OY6IOk9dkH,GATÚBELA
1534,3mFNc5EQn30irR983Wg9OD,KÁRMIKA
1535,3HqcNJdZ2seoGxhn0wVNDK,PROVENZA
1536,3goYw6YHoCjA1sfBzpdgzH,CAROLINA
1537,3jUDqkHatwtprUmZ8epP8P,DAÑAMOS LA AMISTAD
1538,505v13epFXodT9fVAJ6h8k,AMARGURA
1539,16dUQ4quIHDe4ZZ0wF1EMN,CAIRO
1540,4bycD60yZgR6anIBtmU8UH,MAÑANA SERÁ BONITO
1541,1BAU6v0fuAV914qMUEESR1,Born With A Beer In My Hand
1542,7K3BhSpAxZBznislvUMVtn,Last Night
1543,03fs6oV5JAlbytRYf3371S,Everything I Love
1544,73zawW1ttszLRgT9By826D,Man Made A Bar (feat. Eric Church)
1545,2PsbT927UanvyH9VprlNOu,Devil Don’t Know
1546,1rXq0uoV4KTgRN64jXzIxo,One Thing At A Time
1547,3oZ6dlSfCE9gZ55MGPJctc,’98 Braves
1548,2YVlDlk2zRceefo6XlC6DX,Ain’t That Some
1549,7phmBo7bB9I9YifAXqnlqV,I Wrote The Book
1550,5NzfnUyVaNrxa2VtoyBWlR,Tennessee Numbers
1551,2Ej3iV0nulryy9S3UQvjSx,Hope That’s True
1552,2ewSCWOL7EAjgmgqfI1UlS,Whiskey Friends
1553,0JtgoDDf0ggWaoXCGhcOoT,Sunrise
1554,1vcJdUJDM2NVXBsGncmLyh,Keith Whitley
1555,2aw1aEAxMe05MZIS5XiK8U,In The Bible (feat. HARDY)
1556,5W4kiM2cUYBJXKRudNyxjW,You Proof
1557,3Qu3Zh4WTKhP9GEXo0aDnb,Thought You Should Know
1558,77kye8TttXpEbvgoiVjZdo,F150-50
1559,1GiwvmI57OTGcKGNigZFJb,Neon Star (Country Boy Lullaby)
1560,7u2iWRkkz8GBYFe4apxVBl,I Deserve A Drink
1561,0oPRfdP48RM4bd3xBFyiRo,Wine Into Water
1562,68eDGmSTQgxJde9JTG7b71,Me + All Your Reasons
1563,7ya4zrCKDslIfrztqglRIP,Tennessee Fan
1564,09UUDUFaudMcUkocm2iqR8,Money On Me
1565,0PAcdVzhPO4gq1Iym9ESnK,Thinkin’ Bout Me
1566,12BjylmI6NS7ydikIzbuD0,Single Than She Was
1567,4FhxN8PTyjkBVfwlCnr9Om,Days That End In Why
1568,3NsqLy0x8l9VyNfOHQTNHs,Last Drive Down Main
1569,3CqT9ajcy6pY7TonEPiV4H,Me To Me
1570,77qpDGhjN7Hdp12JkPpHvY,Don't Think Jesus
1571,4Q6LSSmQwn94hioXfvzdbU,180 (Lifestyle)
1572,5sUjBX08aJ1XdMw7p2SXgq,Had It
1573,7fveJ3pk1eSfxBdVkzdXZ0,Cowgirls (feat. ERNEST)
1574,5LisHkYlpdkqNYl1HZ5cKd,Good Girl Gone Missin’
1575,3uKJ1sSJXGLCMItH0YNPkh,Outlook
1576,4kvjThnfQIsPOKjxx0aZDu,Dying Man
1577,4yjeRuoVickg1G87LWeRes,ROSA PASTEL
1578,3RA55zrRkyPK8Fd86hrMy8,LUNA
1579,6jUgruwAzfIA3HUQIO3wCR,77
1580,0xGZjxYqcNQ8WqxyeZ4eSN,RUBICON
1581,2bXJMQZSJND3UYq5mjV4cB,CARNAL
1582,0lc2neV7ZzjZExwCIVG2B3,LAS MORRAS
1583,775hCSePn3GW4h9nZ636kq,GAVILÁN II
1584,3B0swL7Qil9bB7eKzBREBK,VVS
1585,1tGGJ4SRZnd2H0E2dV05iM,SU CASA
1586,7mXuWTczZNxG5EDcjFEuJR,LADY GAGA
1587,3CEk3KwDixeCKOVPacup7L,ZAPATA
1588,0cNSq9T5l8gZnpY14rsTR2,PRC
1589,1RzjXhgnzqb3dMa5852itx,LA PEOPLE
1590,4Nf5EZ40JenjMUKXOiyRU5,NUEVA VIDA
1591,7bPp2NmpmyhLJ7zWazAXMu,TULUM
1592,3HOKxuTDmNVmIlCIpBiD8m,LAGUNAS
1593,6f8wbdo8KU5ETWJA7lapgS,BYE
1594,6XSqqQIy7Lm7SnwxS4NrGx,CLASSY 101
1595,1nQaTUDJ7Rc4yOvZmg9Ozr,Mmhmm
1596,2FDTHlrBguDzQkp7PVj16Q,Sprinter
1597,1fAeFPXsX08Ovnn9iV1x27,Halfway To Hell
1598,3XDm5Xh1chJePrcqNB2dwa,Church
1599,7asPE18wGkhTCuCkt5GT6b,The Lost
1600,0Qp78UCmZ9L995MBnlDIiO,Behind Bars (with Brantley Gilbert and Struggle Jennings)
1601,7epoyfdjb4i3r7LtNofj0c,Nail Me
1602,498mz1TlZyPbyEEbF0YScP,Hold On Me
1603,1g489nPKfkJ1KjSlIM82Dt,Kill A Man
1604,2kDXxWioszXKUKoxGuy0Xj,Unlive (with Yelawolf)
1605,30LZU3ReFIndjHLfaahreM,Save Me (with Lainey Wilson)
1606,6FDLekYf22WFgeZXMbA91X,She
1607,07on0OB2cdPt79IFsgdRUy,Need A Favor
1608,4kq438iHfGoVaIt7sB5Ku8,Dancing With The Devil
1609,1UEruiqmQlbAcPkPFjEKUf,Hungover In A Church Pew
1610,0bILU0UiNDmA5Ff6whhb2R,Religiously
1611,1XDyVXt7xfw5l301dL3wz2,Warzone
1612,26YvZWW29FXHaSRQzajRYv,Fix'n To Break
1613,1METmonk8nOuH6rEl10P4Q,Forget About You
1614,3a8NTuwOT8NcIS3FpsLhY1,Chase Her
1615,0rCFRyEy4WXjRXNpO80Dzs,Fall In Love
1616,5uPQjirx9C6MS47V556x46,You Don’t Want That Smoke
1617,6IyriuNUSXTJEbuu19Q8oN,Found Your Love
1618,1TE8AAk9koG0UJco6ZAUfx,Rock and A Hard Place
1619,7AWZGoyKIkI36oXHa863X0,Other Side Of Lettin’ Go
1620,1DwbKGEgL9EgJ7SpCcsHGI,Pain Won’t Last
1621,0wXThIDxO3YRJCpPgnmbkw,Where It Ends
1622,5Qt4tTjY5bjhKa3OGNVP2J,God’s Gonna Cut You Down
1623,0deEg960cHibvZ8d80hvWx,Fadeaway
1624,3C3ooMrQyhr0gouukZTGz4,Get to Gettin’ Gone
1625,6QywUuuP4N5IXLu27r7ybr,Is This Really Over?
1626,3EFdxLyWzE6eyg4SBYPZxg,Wham Rap! (Enjoy What You Do?)
1627,7g2T2FTMyFneZBPUOU930z,Young Guns (Go for It!)
1628,2gh9kiXWjYIDWaNpXkjME4,Bad Boys
1629,6QJY81KWji6P88wP81CdTt,Club Tropicana
1630,5GQSzEllHhJkHUgf9ctW28,Wake Me Up Before You Go-Go
1631,6pyMV8w5GJoSEFOIu76cme,Freedom
1632,06qMRF18gwbOYYbnP2du6i,Last Christmas - Single Version
1633,56hedgKg4P1zp2snIKbaXq,Everything She Wants
1634,2DLEzcvYdATxAU8aoyh48N,I'm Your Man
1635,6ESGrsrGcPtil1Q844KBLu,The Edge of Heaven
1636,3v8CtRBqlGQLYzakuCgdNf,Where Did Your Heart Go?
1637,0QDEcntcYyeUTpTfRbQ3kl,Blue (Armed with Love)
1638,5YWqtOyu0iOwpTmcvqtXsf,A Ray of Sunshine - Instrumental Remix
1639,7jTWBpSExIUIaghZjtxid9,Freedom - Long Mix
1640,53GLm4z3WJZiDQ1cHXR8Xq,Everything She Wants - Remix
1641,4LE8OZOXWK2UJuKYqOVRL8,Battlestations
1642,6TBzRwnX2oYd8aOrOuyK1p,Fin de Semana
1643,38R5sydMbsBzSPGPMfmtpb,MR. TAKE YA B*TCH (FEAT. CHRISEANROCK)
1644,3FvTHuefYV6TxE3Kseqno8,LOU LOU
1645,54bg1e6ABcZfpU3yzwxnPf,Rainy Days
1646,2UU11hvjN1JIn4iihEodNT,Blue
1647,0SftJDguUa1F5SsQwwkLw4,Love Me Again
1648,5h1BN75CEh8wdSwE1xrbSe,Slow Dancing
1649,4HAOgAnILvXCbSODMoRnmD,For Us
1650,7pgbDdy7ax962o9d2xJceV,Slow Dancing (Piano Ver.)
1651,1hR8BSuEqPCCZfv93zzzz9,Welcome To New York (Taylor's Version)
1652,45wMBGri1PORPjM9PwFfrS,Blank Space (Taylor's Version)
1653,1hjRhYpWyqDpPahmSlUTlc,Style (Taylor's Version)
1654,045ZeOHPIzhxxsm8bq5kyE,Out Of The Woods (Taylor's Version)
1655,6GXgd1BPD9bUpqw5AntGV5,All You Had To Do Was Stay (Taylor's Version)
1656,3pv7Q5v2dpdefwdWIvE7yH,Shake It Off (Taylor's Version)
1657,43y1WpBdnEy5TR9aZoSQL9,I Wish You Would (Taylor's Version)
1658,64FzgoLZ3oXu2SriZblHic,Bad Blood (Taylor's Version)
1659,1K39ty6o1sHwwlZwO6a7wK,Wildest Dreams (Taylor's Version)
1660,75W3SngKzTuoQ94uLf3y82,How You Get The Girl (Taylor's Version)
1661,5QVVjX0ZItqlVpEuVCM9Yg,This Love (Taylor’s Version)
1662,2f0GI2ZLUtbGqFx8t2Gk6A,I Know Places (Taylor's Version)
1663,2ByBBvpR9b7IynvRmnG7kG,Clean (Taylor's Version)
1664,2ve0kuaWUCt4Zx8x4bf1MR,Wonderland (Taylor's Version)
1665,4UwqOWDpdeIDVQDuKT6iza,You Are In Love (Taylor's Version)
1666,2vPMoMDXxu9uX1igWZmXSG,New Romantics (Taylor's Version)
1667,71BqAINEnezjQfxE4VuJfq,"""Slut!"" (Taylor's Version) (From The Vault)"
1668,4NioO5R9sHEZh4cGzMHyNt,Say Don't Go (Taylor's Version) (From The Vault)
1669,5KD6AEm19QnMbfWpfoOHMl,Now That We Don't Talk (Taylor's Version) (From The Vault)
1670,6T0sEnqjmHISIKwFETeeiP,Suburban Legends (Taylor's Version) (From The Vault)
1671,1Iq8oo9XkmmvCQiGOfORiz,Is It Over Now? (Taylor's Version) (From The Vault)
1672,4wQmwPWCUn6gi11Gep2qsP,IT GIRL
1673,6ulEymrJ2Azx1uo3YHSE5w,Bent
1674,4yjeRuoVickg1G87LWeRes,ROSA PASTEL
1675,3RA55zrRkyPK8Fd86hrMy8,LUNA
1676,6jUgruwAzfIA3HUQIO3wCR,77
1677,0xGZjxYqcNQ8WqxyeZ4eSN,RUBICON
1678,2bXJMQZSJND3UYq5mjV4cB,CARNAL
1679,0lc2neV7ZzjZExwCIVG2B3,LAS MORRAS
1680,775hCSePn3GW4h9nZ636kq,GAVILÁN II
1681,3B0swL7Qil9bB7eKzBREBK,VVS
1682,1tGGJ4SRZnd2H0E2dV05iM,SU CASA
1683,7mXuWTczZNxG5EDcjFEuJR,LADY GAGA
1684,3CEk3KwDixeCKOVPacup7L,ZAPATA
1685,0cNSq9T5l8gZnpY14rsTR2,PRC
1686,1RzjXhgnzqb3dMa5852itx,LA PEOPLE
1687,4Nf5EZ40JenjMUKXOiyRU5,NUEVA VIDA
1688,7bPp2NmpmyhLJ7zWazAXMu,TULUM
1689,3HOKxuTDmNVmIlCIpBiD8m,LAGUNAS
1690,6f8wbdo8KU5ETWJA7lapgS,BYE
1691,0p1hBWPaSxUDTSa32PyhnU,She Calls Me Back (with Kacey Musgraves)
1692,43MifzVnh8W3jJN0xqU9jR,Wasted Summers
1693,3kf0WdFOalKWBkCCLJo4mA,El Gordo Trae El Mando
1694,7G0gBu6nLdhFDPRLc0HdDG,Mine (Taylor's Version)
1695,3MytWN8L7shNYzGl4tAKRp,Sparks Fly (Taylor’s Version)
1696,79uDOz0zuuWS7HWxzMmTa2,Back To December (Taylor's Version)
1697,5xXqyjLicvEpch72qEryFT,Speak Now (Taylor's Version)
1698,1zU8j1x3yi9xalMF96pzKp,Dear John (Taylor's Version)
1699,30Y4CV7A6YqtQtTTo7Ue4j,Mean (Taylor's Version)
1700,6dTA6y0C2ReQklntzZl8l3,The Story Of Us (Taylor's Version)
1701,2EFZ9emtKWEglWUQGEQ3P9,Never Grow Up (Taylor's Version)
1702,3sW3oSbzsfecv9XoUdGs7h,Enchanted (Taylor's Version)
1703,0NwGC0v03ysCYINtg6ns58,Better Than Revenge (Taylor's Version)
1704,12nBPF4Rh4XLFJV0YLN7uj,Innocent (Taylor's Version)
1705,4tMzIAFTFdqGBQLdfbPces,Haunted (Taylor's Version)
1706,59KOoHFcw5XfICnO57holu,Last Kiss (Taylor's Version)
1707,4hqJ4bSlYJOXb6Z4SRmzxs,Long Live (Taylor's Version)
1708,3yNJkriPzWjkkDAWHIAVUq,Ours (Taylor’s Version)
1709,4evLyY5Ue1Wesc61t2KXAU,Superman (Taylor’s Version)
1710,4e3ZNTAV6PCrdYMUrUlMpQ,Electric Touch (feat. Fall Out Boy) (Taylor’s Version) (From The Vault)
1711,0zo975x58DlXbZllWvfYhg,When Emma Falls in Love (Taylor’s Version) (From The Vault)
1712,5kHMfzgLZP95O9NBy0ku4v,I Can See You (Taylor’s Version) (From The Vault)
1713,4ABYxlb92WBIjHu7TIKmml,Castles Crumbling (feat. Hayley Williams) (Taylor’s Version) (From The Vault)
1714,4s8BIKx4Zh6ryAEz8RTlaU,Foolish One (Taylor’s Version) (From The Vault)
1715,1HCdems7PQZRj42QDWLA0A,Timeless (Taylor’s Version) (From The Vault)
1716,1WTdZjiHI4vYnENXLn69x0,Are You Gone Already
1717,1fKT7RUtOf4xNEqctEFe5L,Barbie Dangerous
1718,1a73gcEg6h6Re6hHXoVltJ,FTCU
1719,5iHC401tsNlJRY46ECSYbo,Beep Beep
1720,7aWeQwHSMD6TzPOepi1tlb,Fallin 4 U
1721,44gmXwbdHjwQsQvsiraj14,Let Me Calm Down (feat. J. Cole)
1722,4DNmr6nXrvHLRh6oxOHNsz,RNB (feat. Lil Wayne & Tate Kobang)
1723,70M5FBXSs1b1tJF2zywHyP,Pink Birthday
1724,4I4G0LD277PWvfblYtSf91,Needle (feat. Drake)
1725,15wos7ChIkysPIrX31hwwa,Cowgirl (feat. Lourdiz)
1726,5ZJGv7aGdIr9IGpxzSG18T,Everybody (feat. Lil Uzi Vert)
1727,0ZhPWSfAKzeVQbRG08E1iI,Big Difference
1728,3fhvnn5xALwA2htzljsU1v,Red Ruby Da Sleeze
1729,0llFq02Nqzra7ZRfSjBxan,Forward From Trini (feat. Skillibeng & Skeng)
1730,44L2bY93uD65CEHWbozpx4,Pink Friday Girls
1731,2uHn71ZwsodBen5QUUDqHw,Super Freaky Girl
1732,2pwC49pIHyJKmbhlGa3lqL,Bahm Bahm
1733,1EykqsKCk0TNTTsqXrqGVy,My Life
1734,0EUi22tHkqKsZqohlRemto,Nicki Hendrix (feat. Future)
1735,0USJzZsIiPDbr6ZXgXik7B,Blessings (feat. Tasha Cobbs Leonard)
1736,1vj6nXzAFkfHLf9lkojNwu,Last Time I Saw You
1737,6vIIl0y2h9QICr8J15O16L,Just The Memories
1738,56y1jOTK0XSvJzVv9vHQBK,Paint The Town Red
1739,2XkuWK1lXOPkxdWdM78Q0l,Demons
1740,7KaIFFdq8KgBcDDvdgTrIZ,Wet Vagina
1741,3ivDcNoh6EpYIVzfG2Esht,Fuck The Girls (FTG)
1742,0qmCk0qi44SBvugoXwwsnc,Ouchies
1743,6geHIF8dr4TmicWdFASykz,97
1744,23nW05dyMpuazGsFxdqBjB,Gun
1745,1WTWw1x7km3FClMaQ5lwSM,Go Off
1746,5PyDJG7SQRgWXefgexqIge,Agora Hills
1747,6Op8uyzVH11oJGcCK8yyEn,Can't Wait
1748,6i2EaF3PqU7261wFAP6crK,Often
1749,3OKUCSWCGg0unZ6e340RWj,Love Life
1750,1MONYn8QsPPINNSNRfzP88,Skull And Bones
1751,5d8qCmymrrCaRlDk3YPgNl,Attention
1752,5X0oBRsjUtEO99z6MmmIZ8,Balut
1753,1UMm1Qs3u59Wvk53zBUE8r,SABOR FRESA
1754,7mdWTG5Sf8uK7QmVoVXGrm,Million Eyes
1755,1fan35u0JxRVSunk2G5Fvx,Save Me
1756,7siXHCf5qUbyJrhNYQXKFr,Dancing in the Sky
1757,5bi8RvkKme1gAWymqVbhSR,Till I Return
1758,3fonAuTvuI5KMcmnueLAPq,Straight and Narrow
1759,1wpANfPJEzSKc5JhEIGYQ1,Ghost Town
1760,2mxn3WDopcpvCMEwz4DFFH,Drowning
1761,0r0z7qw6y0QnQ0Sz2MwP28,All That I Have
1762,4yjeRuoVickg1G87LWeRes,ROSA PASTEL
1763,3RA55zrRkyPK8Fd86hrMy8,LUNA
1764,6jUgruwAzfIA3HUQIO3wCR,77
1765,0xGZjxYqcNQ8WqxyeZ4eSN,RUBICON
1766,2bXJMQZSJND3UYq5mjV4cB,CARNAL
1767,0lc2neV7ZzjZExwCIVG2B3,LAS MORRAS
1768,775hCSePn3GW4h9nZ636kq,GAVILÁN II
1769,3B0swL7Qil9bB7eKzBREBK,VVS
1770,1tGGJ4SRZnd2H0E2dV05iM,SU CASA
1771,7mXuWTczZNxG5EDcjFEuJR,LADY GAGA
1772,3CEk3KwDixeCKOVPacup7L,ZAPATA
1773,0cNSq9T5l8gZnpY14rsTR2,PRC
1774,1RzjXhgnzqb3dMa5852itx,LA PEOPLE
1775,4Nf5EZ40JenjMUKXOiyRU5,NUEVA VIDA
1776,7bPp2NmpmyhLJ7zWazAXMu,TULUM
1777,3HOKxuTDmNVmIlCIpBiD8m,LAGUNAS
1778,6f8wbdo8KU5ETWJA7lapgS,BYE
1779,44IXD2J5yyr7PpOZzz2cmQ,Fear and Friday's (Poem)
1780,5pIVEk6Di7n1v5khOzJaJL,Overtime
1781,7eOuUmpnHBlg5zsm8Cs7c3,Summertime's Close
1782,00syWkRGIVQvYsg2OwfBUw,East Side of Sorrow
1783,4pCbJC43j3gSqG6Fen6upD,Hey Driver (feat. The War and Treaty)
1784,0GMiRrUnQuoGddKMsxGPIZ,Fear and Friday's
1785,1HwDRgozGBMyfJTQUfz09A,Ticking
1786,3itgPtXSu4I9mr2QD6yrzP,Holy Roller (feat. Sierra Ferrell)
1787,2pUYbyOIOSfDfsnCR3KceZ,Jake's Piano - Long Island
1788,7C1BLYzAvR0KdBpov3GpUZ,El Dorado
1789,4KULAymBBJcPRpk1yO4dOG,I Remember Everything (feat. Kacey Musgraves)
1790,3EvZ03hGAFwGZ2Ebcu86YH,Tourniquet
1791,0HEytGQM3bG1vKxER7IgVK,Spotless (feat. The Lumineers)
1792,6Otmq7JokHh38wKSqUimcS,Tradesman
1793,67aaFVnfvFWjxVQMd0jDb5,Smaller Acts
1794,4ueTr01dkL360w1knfh21C,Oklahoman Son
1795,0EqczV3o6fwksegAavIHpX,LOVELY BASTARDS
1796,2i2gDpKKWjvnRTOZRhaPh2,Moonlight
1797,1hR8BSuEqPCCZfv93zzzz9,Welcome To New York (Taylor's Version)
1798,45wMBGri1PORPjM9PwFfrS,Blank Space (Taylor's Version)
1799,1hjRhYpWyqDpPahmSlUTlc,Style (Taylor's Version)
1800,045ZeOHPIzhxxsm8bq5kyE,Out Of The Woods (Taylor's Version)
1801,6GXgd1BPD9bUpqw5AntGV5,All You Had To Do Was Stay (Taylor's Version)
1802,3pv7Q5v2dpdefwdWIvE7yH,Shake It Off (Taylor's Version)
1803,43y1WpBdnEy5TR9aZoSQL9,I Wish You Would (Taylor's Version)
1804,64FzgoLZ3oXu2SriZblHic,Bad Blood (Taylor's Version)
1805,1K39ty6o1sHwwlZwO6a7wK,Wildest Dreams (Taylor's Version)
1806,75W3SngKzTuoQ94uLf3y82,How You Get The Girl (Taylor's Version)
1807,5QVVjX0ZItqlVpEuVCM9Yg,This Love (Taylor’s Version)
1808,2f0GI2ZLUtbGqFx8t2Gk6A,I Know Places (Taylor's Version)
1809,2ByBBvpR9b7IynvRmnG7kG,Clean (Taylor's Version)
1810,2ve0kuaWUCt4Zx8x4bf1MR,Wonderland (Taylor's Version)
1811,4UwqOWDpdeIDVQDuKT6iza,You Are In Love (Taylor's Version)
1812,2vPMoMDXxu9uX1igWZmXSG,New Romantics (Taylor's Version)
1813,71BqAINEnezjQfxE4VuJfq,"""Slut!"" (Taylor's Version) (From The Vault)"
1814,4NioO5R9sHEZh4cGzMHyNt,Say Don't Go (Taylor's Version) (From The Vault)
1815,5KD6AEm19QnMbfWpfoOHMl,Now That We Don't Talk (Taylor's Version) (From The Vault)
1816,6T0sEnqjmHISIKwFETeeiP,Suburban Legends (Taylor's Version) (From The Vault)
1817,1Iq8oo9XkmmvCQiGOfORiz,Is It Over Now? (Taylor's Version) (From The Vault)
1818,6usohdchdzW9oML7VC4Uhk,Lose Control
1819,0hL9gOw6XBWsygEUcVjxEc,HYAENA
1820,1PH2MDbcBAU094DlgTIND1,THANK GOD
1821,3KCNiDi9Pza6ZD8FggNoaw,MODERN JAM (feat. Teezo Touchdown)
1822,4kjI1gwQZRKNDkw1nI475M,MY EYES
1823,04WxWo7XeVyx22xEsrWRUb,GOD'S COUNTRY
1824,7LSpFCvRZZot2AlmkUzy9k,SIRENS
1825,67nepsnrcZkowTxMWigSbb,MELTDOWN (feat. Drake)
1826,42VsgItocQwOQC3XWZ8JNA,FE!N (feat. Playboi Carti)
1827,0OEe83mMZ5kaNw5uZQ7ilG,DELRESTO (ECHOES) (feat. Beyoncé)
1828,6wsqVwoiVH2kde4k4KKAFU,I KNOW ?
1829,0lodMO0qK83vfPiiD7FMEt,TOPIA TWINS (feat. Rob49 & 21 Savage)
1830,4GL9GMX9t7Qkprvf1YighZ,CIRCUS MAXIMUS (feat. The Weeknd & Swae Lee)
1831,2Q0aElTZQtEUsoiaQfizu6,PARASAIL (feat. Yung Lean & Dave Chappelle)
1832,0bkV1iQHSxBaksUqgEkcbc,SKITZO (feat. Young Thug)
1833,7EiUtdeoWcKqLi5ELZCjYf,LOST FOREVER (feat. Westside Gunn)
1834,0a4SMs889NwP8oWI7Vemle,LOOOVE (feat. Kid Cudi)
1835,4o82J5zr4DFEs9yj5szCVX,K-POP (feat. Bad Bunny & The Weeknd)
1836,1i9lZvlaDdWDPyXEE95aiq,TELEKINESIS (feat. SZA & Future)
1837,76gcXhY3Zv6wW0BTe9nHJo,TIL FURTHER NOTICE (feat. James Blake & 21 Savage)
1838,4YQImHflXSiIMXntcwPkx8,Bongos (feat. Megan Thee Stallion)
1839,1Ukxccao1BlWrPhYkcXbwZ,From The Start
1840,5Q1tv4GTxP3IJeGMOKdrFO,MEGAVERSE
1841,1OG1NoKpZZLrMqMYCk9m84,LALALALA
1842,6uVpG6300TODQGjOAtXJjh,BLIND SPOT
1843,2Rz7TEBsIXbI1tKsfQOCjI,COMFLEX
1844,5dUjBnP5zrWpWA5RGrr73g,Cover Me
1845,2zPqhdPGNCwzXnvSvj7WgD,Leave
1846,5w6HF09YaD6wWlC90NaeVP,Social Path (Feat. LiSA) (Korean Ver.)
1847,20FfCMC46eOIIrxCUdSNZT,LALALALA (Rock Ver.)
1848,7omJfT9s6V2IpQNBYyq5C8,MY HOUSE
1849,34sOdxWu9FljH84UXdRwu1,all-american bitch
1850,3IX0yuEVvDbnqUwMBB3ouC,bad idea right?
1851,1kuGVB7EU95pJObxwvfwKS,vampire
1852,6QT6j7rKt7Vk3IuV2AUO9W,lacy
1853,5sp71CUt0jXRNqHblPGp7b,ballad of a homeschooled girl
1854,5CscrLqFBgPfZR8fGtikov,making the bed
1855,53dtP2iUMvaF28JZcHnFuU,logical
1856,2gyxAWHebV7xPYVxqoi86f,get him back!
1857,26QLJMK8G0M06sk7h7Fkse,love is embarrassing
1858,3Nl5OkkmS5DaBZvuYofpAt,the grudge
1859,6W9l02gRsXVxzIuQC1oc1X,pretty isn’t pretty
1860,7fesNTgTEMEH0ye8MOgEDY,teenage dream
1861,7MSTSSvkhDg315YP1OUag1,I’m The Shit
1862,7icwQvajsokotDfM3tefW6,SkeeYee
1863,1iK1hVN9o1zkpxw396QGbd,Hellcats SRTs
1864,65iyYuAIuhttMaYvHQnonf,Pound Town 2 (feat. Nicki Minaj & Tay Keith)
1865,4LadsagnXZM7SEOpHjHIHA,Looking For The Hoes (Ain’t My Fault)
1866,4EN1lLc3xt2hOazpC4LabP,Sexyy Walk
1867,57HdkwMsDROzyPh7JVnBkz,Strictly for the Strippers (feat. Juicy J & ATL Jacob)
1868,5p081OZEuItAFYYkU80pms,Nachos
1869,0b9i8FoZ7jU3tzC4zt3WXP,Mad at Me
1870,1dR964asWRagIvbk5FsJqc,Born By the River (feat. Sukihana)
1871,5jMCvfuGCvNXrUqr8FRgb8,Female Gucci Mane
1872,5CQXesQM39J0CBnY0Npp6S,BICHOTAG
1873,601dhwn8qc31FrSlMu5wEf,OKI DOKI
1874,7mLPSkAJraASgNk6ywyTkp,MI EX TENÍA RAZÓN
1875,6NlJtxTYtt0b8tY2IAZDAV,S91
1876,3XB5uhhlYSnkxpSihkNQwh,QLONA
1877,6ejks4eS7DOoYW8hrpRcDV,UNA NOCHE EN MEDELLÍN - REMIX
1878,5AwdJhVYK64TDpfdRa1DyN,ME TENGO QUE IR
1879,7gUtEoYJcPnhF4bJAJ3O8q,GATITA GANGSTER
1880,4iGQ8o9Ih6J1OuDDGCXSCL,DISPO
1881,7DmP5W2DbhXC7uKYbYXtIm,PROVENZA - REMIX
1882,34sOdxWu9FljH84UXdRwu1,all-american bitch
1883,3IX0yuEVvDbnqUwMBB3ouC,bad idea right?
1884,1kuGVB7EU95pJObxwvfwKS,vampire
1885,6QT6j7rKt7Vk3IuV2AUO9W,lacy
1886,5sp71CUt0jXRNqHblPGp7b,ballad of a homeschooled girl
1887,5CscrLqFBgPfZR8fGtikov,making the bed
1888,53dtP2iUMvaF28JZcHnFuU,logical
1889,2gyxAWHebV7xPYVxqoi86f,get him back!
1890,26QLJMK8G0M06sk7h7Fkse,love is embarrassing
1891,3Nl5OkkmS5DaBZvuYofpAt,the grudge
1892,6W9l02gRsXVxzIuQC1oc1X,pretty isn’t pretty
1893,7fesNTgTEMEH0ye8MOgEDY,teenage dream
1894,6pD0ufEQq0xdHSsRbg9LBK,un x100to
1895,1WTdZjiHI4vYnENXLn69x0,Are You Gone Already
1896,1fKT7RUtOf4xNEqctEFe5L,Barbie Dangerous
1897,1a73gcEg6h6Re6hHXoVltJ,FTCU
1898,5iHC401tsNlJRY46ECSYbo,Beep Beep
1899,7aWeQwHSMD6TzPOepi1tlb,Fallin 4 U
1900,44gmXwbdHjwQsQvsiraj14,Let Me Calm Down (feat. J. Cole)
1901,4DNmr6nXrvHLRh6oxOHNsz,RNB (feat. Lil Wayne & Tate Kobang)
1902,70M5FBXSs1b1tJF2zywHyP,Pink Birthday
1903,4I4G0LD277PWvfblYtSf91,Needle (feat. Drake)
1904,15wos7ChIkysPIrX31hwwa,Cowgirl (feat. Lourdiz)
1905,5ZJGv7aGdIr9IGpxzSG18T,Everybody (feat. Lil Uzi Vert)
1906,0ZhPWSfAKzeVQbRG08E1iI,Big Difference
1907,3fhvnn5xALwA2htzljsU1v,Red Ruby Da Sleeze
1908,0llFq02Nqzra7ZRfSjBxan,Forward From Trini (feat. Skillibeng & Skeng)
1909,44L2bY93uD65CEHWbozpx4,Pink Friday Girls
1910,2uHn71ZwsodBen5QUUDqHw,Super Freaky Girl
1911,2pwC49pIHyJKmbhlGa3lqL,Bahm Bahm
1912,1EykqsKCk0TNTTsqXrqGVy,My Life
1913,0EUi22tHkqKsZqohlRemto,Nicki Hendrix (feat. Future)
1914,0USJzZsIiPDbr6ZXgXik7B,Blessings (feat. Tasha Cobbs Leonard)
1915,1vj6nXzAFkfHLf9lkojNwu,Last Time I Saw You
1916,6vIIl0y2h9QICr8J15O16L,Just The Memories
1917,1BAU6v0fuAV914qMUEESR1,Born With A Beer In My Hand
1918,7K3BhSpAxZBznislvUMVtn,Last Night
1919,03fs6oV5JAlbytRYf3371S,Everything I Love
1920,73zawW1ttszLRgT9By826D,Man Made A Bar (feat. Eric Church)
1921,2PsbT927UanvyH9VprlNOu,Devil Don’t Know
1922,1rXq0uoV4KTgRN64jXzIxo,One Thing At A Time
1923,3oZ6dlSfCE9gZ55MGPJctc,’98 Braves
1924,2YVlDlk2zRceefo6XlC6DX,Ain’t That Some
1925,7phmBo7bB9I9YifAXqnlqV,I Wrote The Book
1926,5NzfnUyVaNrxa2VtoyBWlR,Tennessee Numbers
1927,2Ej3iV0nulryy9S3UQvjSx,Hope That’s True
1928,2ewSCWOL7EAjgmgqfI1UlS,Whiskey Friends
1929,0JtgoDDf0ggWaoXCGhcOoT,Sunrise
1930,1vcJdUJDM2NVXBsGncmLyh,Keith Whitley
1931,2aw1aEAxMe05MZIS5XiK8U,In The Bible (feat. HARDY)
1932,5W4kiM2cUYBJXKRudNyxjW,You Proof
1933,3Qu3Zh4WTKhP9GEXo0aDnb,Thought You Should Know
1934,77kye8TttXpEbvgoiVjZdo,F150-50
1935,1GiwvmI57OTGcKGNigZFJb,Neon Star (Country Boy Lullaby)
1936,7u2iWRkkz8GBYFe4apxVBl,I Deserve A Drink
1937,0oPRfdP48RM4bd3xBFyiRo,Wine Into Water
1938,68eDGmSTQgxJde9JTG7b71,Me + All Your Reasons
1939,7ya4zrCKDslIfrztqglRIP,Tennessee Fan
1940,09UUDUFaudMcUkocm2iqR8,Money On Me
1941,0PAcdVzhPO4gq1Iym9ESnK,Thinkin’ Bout Me
1942,12BjylmI6NS7ydikIzbuD0,Single Than She Was
1943,4FhxN8PTyjkBVfwlCnr9Om,Days That End In Why
1944,3NsqLy0x8l9VyNfOHQTNHs,Last Drive Down Main
1945,3CqT9ajcy6pY7TonEPiV4H,Me To Me
1946,77qpDGhjN7Hdp12JkPpHvY,Don't Think Jesus
1947,4Q6LSSmQwn94hioXfvzdbU,180 (Lifestyle)
1948,5sUjBX08aJ1XdMw7p2SXgq,Had It
1949,7fveJ3pk1eSfxBdVkzdXZ0,Cowgirls (feat. ERNEST)
1950,5LisHkYlpdkqNYl1HZ5cKd,Good Girl Gone Missin’
1951,3uKJ1sSJXGLCMItH0YNPkh,Outlook
1952,4kvjThnfQIsPOKjxx0aZDu,Dying Man
1953,06tNJ27nVxbDwhiQMChWyr,GOOD LOYAL THOTS
1954,0YFCf4BiHqg6DjXW4hEYiX,If I Could Stop Loving You
1955,3ZxFwvVCknVHJXiURDE5BW,"Alright, Alright, Alright"
1956,1gyjapn4l4pe85LAiWeJRQ,One Good Girl
1957,7L1UTbTKbYtQPTC7TCrTDH,Back At It Again
1958,28YHbbcf68H8sECDaZcuEA,You Ain't Been In Love
1959,3V3VNnnTJcrfZudQFGfAP1,Better Boy
1960,4fZGS91wTt1oqzqew686t7,You Only Want Me When You're Drunk
1961,3jBF7iixsuIDm6KaLdMqXr,Bad Memory
1962,2RusVuSfE1anMY1IDYMrGw,Oil Spot
1963,3Wy9UYxGgqRQv65w5LwQB7,Wreckage
1964,54jTwGhfW2TNk9zqxGHjLW,LFG
1965,0unNLQbn2xlm2nPcB1pdjS,Whiskey On You
1966,5NwIKgROiSR14zlXdXDMXT,You Shouldn't Have To
1967,586I425aeO3QMzvSZcUOEd,Sleeve
1968,4mguqGp69ZnT260moi25Gd,I Found You
1969,1IIRLevcO06GJ2w83UNCMi,Backseat
1970,68GQVCIEEGNlNfgFShWfRe,Name Storms After
1971,4A36Q1EDsHuKUvhtpAVh0i,Raised Up
1972,0uXhQHd0wYV9gvXyMcpnQj,Under My Skin
1973,2fDiyBcQxd8mNsKhBTuCxj,I Don't Wanna Go To Heaven
1974,5ya0TmUQw2wHMkq36rPsnd,World on Fire
1975,1qMfY3DUDcwYcqdOmzWaPY,I Don't Miss You
1976,4xCyIzLPgHGIoma9yJRrcv,Good By Now
1977,58tgSafBz6b4IihR0R2DoR,What an Angel Ain't
1978,5s3oeNeOU78mS7B43xhVxU,Dear Heart
1979,0rZxDClq3zo0rvPOShiYzi,Love Is Blind
1980,57pe0wF0RgVPtcR4f1eXH2,Diran De Mi
1981,4Zx0yrZwW4uNpd1FhIrOV5,Mas Altas Que Bajadas
1982,3A2UK3SykAxeo3jeQv9ekR,La Lokerona
1983,0y6i1ZmaMj3jD6UxN0Aluu,Un Convoy
1984,7ctRhcAiTBQLsH64s93sN4,Pancake
1985,1UwCSHDl10Hga2jswZ6plN,Viejo Lobo
1986,7Fxb0ErkBj37nNQwmIhbRq,AFS
1987,3FUVgc4ULS0t7X7sUBZ1UO,Eres
1988,4t46soaqA758rbukTO5pp1,Mi Bello Angel
1989,6PlLiHoRcjCgK5som2T3ph,En Corto
1990,0FxtC8uFapbpDBliAU3sd6,AMG
1991,3KTExsIhHiqNHW9XBbTTZd,Como Es Arriba Es Abajo
1992,1EZk1gal98tb4lNI862KzO,Pacas De Billetes
1993,1LftbNqQmQvAHAqnASk6ez,Dando y Dando
1994,1eieyd4BLzvNUuiU0PaNMQ,Ghini
